-- phpMyAdmin SQL Dump
-- version 5.0.4
-- https://www.phpmyadmin.net/
--
-- Host: 127.0.0.1
-- Generation Time: Jan 06, 2023 at 09:03 AM
-- Server version: 10.4.16-MariaDB
-- PHP Version: 7.4.12

SET SQL_MODE = "NO_AUTO_VALUE_ON_ZERO";
START TRANSACTION;
SET time_zone = "+00:00";


/*!40101 SET @OLD_CHARACTER_SET_CLIENT=@@CHARACTER_SET_CLIENT */;
/*!40101 SET @OLD_CHARACTER_SET_RESULTS=@@CHARACTER_SET_RESULTS */;
/*!40101 SET @OLD_COLLATION_CONNECTION=@@COLLATION_CONNECTION */;
/*!40101 SET NAMES utf8mb4 */;

--
-- Database: `clicni`
--

-- --------------------------------------------------------

--
-- Table structure for table `accounts`
--

CREATE TABLE `accounts` (
  `id` int(11) NOT NULL,
  `name` varchar(200) NOT NULL,
  `description` text NOT NULL,
  `balance` double(18,2) NOT NULL DEFAULT 0.00,
  `created_at` datetime DEFAULT current_timestamp(),
  `updated_at` datetime DEFAULT current_timestamp() ON UPDATE current_timestamp()
) ENGINE=InnoDB DEFAULT CHARSET=utf8;

--
-- Dumping data for table `accounts`
--

INSERT INTO `accounts` (`id`, `name`, `description`, `balance`, `created_at`, `updated_at`) VALUES
(1, 'Assets', '', -988.00, '2022-11-19 09:20:34', '2023-01-06 13:02:00'),
(2, 'Liabilities', '', -200.00, '2022-11-19 09:21:00', '2023-01-06 12:25:49'),
(3, 'Expenses', '', 0.00, '2022-11-19 09:21:22', '2022-11-19 09:21:22'),
(4, 'Revenues', '', 0.00, '2022-11-19 09:21:41', '2022-11-19 09:21:41');

-- --------------------------------------------------------

--
-- Table structure for table `appointment`
--

CREATE TABLE `appointment` (
  `id` int(11) NOT NULL,
  `appointment_id` varchar(20) NOT NULL,
  `doctor_id` varchar(20) NOT NULL,
  `patient_id` varchar(20) NOT NULL,
  `consultation_fees` varchar(20) NOT NULL,
  `discount` decimal(18,2) NOT NULL,
  `schedule` varchar(50) NOT NULL,
  `remarks` text NOT NULL,
  `appointment_date` date NOT NULL,
  `status` varchar(255) NOT NULL COMMENT '3=ok, 4=not_confirmed,5=cancelled,6=waiting,7=received',
  `created_at` datetime NOT NULL DEFAULT current_timestamp()
) ENGINE=InnoDB DEFAULT CHARSET=utf8;

--
-- Dumping data for table `appointment`
--

INSERT INTO `appointment` (`id`, `appointment_id`, `doctor_id`, `patient_id`, `consultation_fees`, `discount`, `schedule`, `remarks`, `appointment_date`, `status`, `created_at`) VALUES
(4, '0007', '4', '1', '2.00', '0.00', '2', 'as', '2022-12-28', '7', '2022-12-28 17:08:20'),
(5, '0005', '4', '1', '12.00', '0.00', '1', 'asdasdasdasdasd', '2022-12-30', '3', '2022-12-30 09:36:27'),
(6, '0006', '4', '1', '12.00', '0.00', '4', 'adad', '2022-12-30', '4', '2022-12-30 09:43:07');

-- --------------------------------------------------------

--
-- Table structure for table `chemical`
--

CREATE TABLE `chemical` (
  `id` int(11) NOT NULL,
  `name` varchar(100) NOT NULL,
  `code` varchar(50) NOT NULL,
  `category_id` int(11) NOT NULL,
  `purchase_unit_id` int(11) NOT NULL,
  `sales_unit_id` int(11) NOT NULL,
  `unit_ratio` varchar(20) DEFAULT '1',
  `purchase_price` decimal(18,2) NOT NULL DEFAULT 0.00,
  `sales_price` decimal(18,2) NOT NULL DEFAULT 0.00,
  `available_stock` varchar(11) NOT NULL DEFAULT '0',
  `photo` varchar(100) DEFAULT NULL,
  `remarks` text NOT NULL,
  `admin_not_datetime` varchar(255) NOT NULL,
  `min_qty_noti` varchar(255) NOT NULL,
  `unread` varchar(255) DEFAULT '0',
  `created_at` datetime NOT NULL DEFAULT current_timestamp(),
  `updated_at` datetime NOT NULL DEFAULT current_timestamp() ON UPDATE current_timestamp()
) ENGINE=InnoDB DEFAULT CHARSET=utf8;

--
-- Dumping data for table `chemical`
--

INSERT INTO `chemical` (`id`, `name`, `code`, `category_id`, `purchase_unit_id`, `sales_unit_id`, `unit_ratio`, `purchase_price`, `sales_price`, `available_stock`, `photo`, `remarks`, `admin_not_datetime`, `min_qty_noti`, `unread`, `created_at`, `updated_at`) VALUES
(4, 'Test', 'TEst', 1, 1, 1, '2', '12.00', '14.00', '10', NULL, 'as', '2023-01-01 20:39', '2', '0', '2023-01-01 20:39:30', '2023-01-01 22:02:46');

-- --------------------------------------------------------

--
-- Table structure for table `chemical_assigned`
--

CREATE TABLE `chemical_assigned` (
  `id` int(11) NOT NULL,
  `test_id` int(11) NOT NULL,
  `chemical_id` varchar(20) NOT NULL,
  `created_at` datetime NOT NULL DEFAULT current_timestamp()
) ENGINE=InnoDB DEFAULT CHARSET=utf8;

-- --------------------------------------------------------

--
-- Table structure for table `chemical_category`
--

CREATE TABLE `chemical_category` (
  `id` int(11) NOT NULL,
  `name` varchar(100) NOT NULL,
  `created_at` datetime NOT NULL DEFAULT current_timestamp(),
  `updated_at` datetime NOT NULL DEFAULT current_timestamp() ON UPDATE current_timestamp()
) ENGINE=InnoDB DEFAULT CHARSET=utf8;

--
-- Dumping data for table `chemical_category`
--

INSERT INTO `chemical_category` (`id`, `name`, `created_at`, `updated_at`) VALUES
(1, 'First Caetgory', '2022-12-30 10:10:03', '2022-12-30 10:10:03');

-- --------------------------------------------------------

--
-- Table structure for table `chemical_stock`
--

CREATE TABLE `chemical_stock` (
  `id` int(11) NOT NULL,
  `inovice_no` varchar(25) NOT NULL,
  `chemical_id` varchar(20) NOT NULL,
  `date` date DEFAULT NULL,
  `stock_quantity` varchar(20) NOT NULL,
  `remarks` varchar(255) NOT NULL,
  `stock_by` varchar(20) NOT NULL,
  `admin_not_datetime` varchar(255) NOT NULL,
  `min_qty_noti` varchar(255) NOT NULL,
  `created_at` datetime NOT NULL DEFAULT current_timestamp(),
  `updated_at` datetime NOT NULL DEFAULT current_timestamp() ON UPDATE current_timestamp(),
  `unread` varchar(255) NOT NULL DEFAULT '0'
) ENGINE=InnoDB DEFAULT CHARSET=utf8;

--
-- Dumping data for table `chemical_stock`
--

INSERT INTO `chemical_stock` (`id`, `inovice_no`, `chemical_id`, `date`, `stock_quantity`, `remarks`, `stock_by`, `admin_not_datetime`, `min_qty_noti`, `created_at`, `updated_at`, `unread`) VALUES
(4, 'asd', '4', '2023-01-01', '12', 'asd', '1', '2023-12-30T12:59', '7', '2023-01-01 21:14:20', '2023-01-01 22:02:46', '0');

-- --------------------------------------------------------

--
-- Table structure for table `chemical_unit`
--

CREATE TABLE `chemical_unit` (
  `id` int(11) NOT NULL,
  `name` varchar(50) NOT NULL,
  `created_at` datetime NOT NULL DEFAULT current_timestamp(),
  `updated_at` datetime NOT NULL DEFAULT current_timestamp() ON UPDATE current_timestamp()
) ENGINE=InnoDB DEFAULT CHARSET=utf8;

--
-- Dumping data for table `chemical_unit`
--

INSERT INTO `chemical_unit` (`id`, `name`, `created_at`, `updated_at`) VALUES
(1, 'Test Unit', '2022-12-30 10:10:40', '2022-12-30 10:10:40');

-- --------------------------------------------------------

--
-- Table structure for table `ci_sessions`
--

CREATE TABLE `ci_sessions` (
  `id` varchar(40) NOT NULL,
  `ip_address` varchar(45) NOT NULL,
  `timestamp` int(10) UNSIGNED NOT NULL DEFAULT 0,
  `data` blob NOT NULL
) ENGINE=InnoDB DEFAULT CHARSET=utf8;

--
-- Dumping data for table `ci_sessions`
--

INSERT INTO `ci_sessions` (`id`, `ip_address`, `timestamp`, `data`) VALUES
('02323b0f66a8495833fb76a45b8a3da6edec162e', '168.151.196.135', 1670393171, 0x5f5f63695f6c6173745f726567656e65726174657c693a313637303339333137313b),
('02402cb64bacf9f06ceb6c4de1552db2e782d8bf', '34.247.216.115', 1670378002, 0x5f5f63695f6c6173745f726567656e65726174657c693a313637303337383030323b),
('02ac34db1430a3867fa289777ce74d75d9d58c7a', '206.204.3.10', 1670565928, 0x5f5f63695f6c6173745f726567656e65726174657c693a313637303536353932383b),
('08dc7ba3c1acfb1f4a41a03d5f01cb7d2ada5ec4', '102.44.132.150', 1670917786, 0x5f5f63695f6c6173745f726567656e65726174657c693a313637303931373738363b),
('0a312335f2bda642548ebb68fb61b109717dd1b1', '156.215.191.210', 1670234450, 0x5f5f63695f6c6173745f726567656e65726174657c693a313637303233343435303b6e616d657c733a353a2261646d696e223b756e6971756569647c733a373a2232303762313333223b6c6f676765725f70686f746f7c733a33363a2236353936666438666535343264386632396133643735326339396139386563662e706e67223b6c6f67676564696e5f69647c733a313a2231223b6c6f67676564696e5f726f6c655f69647c733a313a2231223b6c6f67676564696e5f7573657269647c733a313a2231223b646174655f666f726d61747c733a383a2225592f256d2f2564223b7365745f6c616e677c733a373a22656e676c697368223b6c6f67676564696e7c623a313b),
('0d647a978e049e39f226873bb2c375335486a279', '49.180.152.36', 1670792147, 0x5f5f63695f6c6173745f726567656e65726174657c693a313637303739323134373b),
('0db05u80vdfmbk8o2uomg3dcr68929o7', '::1', 1672589589, 0x5f5f63695f6c6173745f726567656e65726174657c693a313637323538393538393b72656469726563745f75726c7c733a35313a22687474703a2f2f6c6f63616c686f73742f6f6e6c696e652f736d617274636c696e69632f73657276696365732f637265617465223b6e616d657c4e3b756e6971756569647c4e3b6c6f676765725f70686f746f7c4e3b6c6f67676564696e5f69647c733a313a2231223b6c6f67676564696e5f726f6c655f69647c733a313a2231223b6c6f67676564696e5f7573657269647c733a313a2231223b646174655f666f726d61747c733a383a2225592f256d2f2564223b7365745f6c616e677c733a373a22656e676c697368223b6c6f67676564696e7c623a313b),
('0f4a7f3c6bc2ca6b720a8e0cb0c8738894d50e6b', '168.151.185.154', 1670479557, 0x5f5f63695f6c6173745f726567656e65726174657c693a313637303437393535373b),
('0g9cbelkegl7cp610g065qj7kn8lis7c', '45.87.9.126', 1669892593, 0x5f5f63695f6c6173745f726567656e65726174657c693a313636393839323539333b),
('1753ee00f00c4d6b762b1c2a93b9d61312364449', '2a02:4780:11:c0de::21', 1670582060, 0x5f5f63695f6c6173745f726567656e65726174657c693a313637303538323036303b),
('17ogpjirle9s3qnvl6eqc8f59oecmmgh', '::1', 1672374525, 0x5f5f63695f6c6173745f726567656e65726174657c693a313637323337343532353b72656469726563745f75726c7c733a35313a22687474703a2f2f6c6f63616c686f73742f6f6e6c696e652f736d617274636c696e69632f73657276696365732f637265617465223b6e616d657c4e3b756e6971756569647c4e3b6c6f676765725f70686f746f7c4e3b6c6f67676564696e5f69647c733a313a2231223b6c6f67676564696e5f726f6c655f69647c733a313a2231223b6c6f67676564696e5f7573657269647c733a313a2231223b646174655f666f726d61747c733a383a2225592f256d2f2564223b7365745f6c616e677c733a373a22656e676c697368223b6c6f67676564696e7c623a313b),
('1bd8aa54515c5ce3035d664b36ac0288a3dd54ca', '45.87.9.158', 1670437121, 0x5f5f63695f6c6173745f726567656e65726174657c693a313637303433373132313b),
('1d09c2cd378d63a4ef4cd10af4c85843c7d4d396', '41.187.114.4', 1670186952, 0x5f5f63695f6c6173745f726567656e65726174657c693a313637303138363935323b),
('1o0k603emgroutr8o2klrspdovaichkm', '::1', 1672375146, 0x5f5f63695f6c6173745f726567656e65726174657c693a313637323337353134363b72656469726563745f75726c7c733a35313a22687474703a2f2f6c6f63616c686f73742f6f6e6c696e652f736d617274636c696e69632f73657276696365732f637265617465223b6e616d657c4e3b756e6971756569647c4e3b6c6f676765725f70686f746f7c4e3b6c6f67676564696e5f69647c733a313a2231223b6c6f67676564696e5f726f6c655f69647c733a313a2231223b6c6f67676564696e5f7573657269647c733a313a2231223b646174655f666f726d61747c733a383a2225592f256d2f2564223b7365745f6c616e677c733a373a22656e676c697368223b6c6f67676564696e7c623a313b),
('1pgsfqip1n4qsm8gvi8gugo1fl19gaun', '::1', 1671251667, 0x5f5f63695f6c6173745f726567656e65726174657c693a313637313235313636373b72656469726563745f75726c7c733a35313a22687474703a2f2f6c6f63616c686f73742f6f6e6c696e652f736d617274636c696e69632f73657276696365732f637265617465223b6e616d657c733a353a2261646d696e223b756e6971756569647c733a373a2232303762313333223b6c6f676765725f70686f746f7c733a33363a2236353936666438666535343264386632396133643735326339396139386563662e706e67223b6c6f67676564696e5f69647c733a313a2231223b6c6f67676564696e5f726f6c655f69647c733a313a2231223b6c6f67676564696e5f7573657269647c733a313a2231223b646174655f666f726d61747c733a383a2225592f256d2f2564223b7365745f6c616e677c733a373a22656e676c697368223b6c6f67676564696e7c623a313b),
('1ranr5mosv4qpocr0s4d03djjs2vhugj', '::1', 1671251353, 0x5f5f63695f6c6173745f726567656e65726174657c693a313637313235313335333b72656469726563745f75726c7c733a35313a22687474703a2f2f6c6f63616c686f73742f6f6e6c696e652f736d617274636c696e69632f73657276696365732f637265617465223b6e616d657c733a353a2261646d696e223b756e6971756569647c733a373a2232303762313333223b6c6f676765725f70686f746f7c733a33363a2236353936666438666535343264386632396133643735326339396139386563662e706e67223b6c6f67676564696e5f69647c733a313a2231223b6c6f67676564696e5f726f6c655f69647c733a313a2231223b6c6f67676564696e5f7573657269647c733a313a2231223b646174655f666f726d61747c733a383a2225592f256d2f2564223b7365745f6c616e677c733a373a22656e676c697368223b6c6f67676564696e7c623a313b),
('273e182fcff11647d9c2f24a1326f128e9023851', '156.215.191.210', 1670226370, 0x5f5f63695f6c6173745f726567656e65726174657c693a313637303232363337303b6e616d657c733a353a2261646d696e223b756e6971756569647c733a373a2232303762313333223b6c6f676765725f70686f746f7c733a33363a2236353936666438666535343264386632396133643735326339396139386563662e706e67223b6c6f67676564696e5f69647c733a313a2231223b6c6f67676564696e5f726f6c655f69647c733a313a2231223b6c6f67676564696e5f7573657269647c733a313a2231223b646174655f666f726d61747c733a383a2225592f256d2f2564223b7365745f6c616e677c733a373a22656e676c697368223b6c6f67676564696e7c623a313b),
('2829acfb8497ab5c7dad7abb90757aaf57fcc2cf', '37.38.240.174', 1670224420, 0x5f5f63695f6c6173745f726567656e65726174657c693a313637303232343432303b6e616d657c733a353a2261646d696e223b756e6971756569647c733a373a2232303762313333223b6c6f676765725f70686f746f7c733a33363a2236353936666438666535343264386632396133643735326339396139386563662e706e67223b6c6f67676564696e5f69647c733a313a2231223b6c6f67676564696e5f726f6c655f69647c733a313a2231223b6c6f67676564696e5f7573657269647c733a313a2231223b646174655f666f726d61747c733a383a2225592f256d2f2564223b7365745f6c616e677c733a373a22656e676c697368223b6c6f67676564696e7c623a313b),
('287a6357f67b2fcb7a9619fc0f39087b7c404d25', '41.142.228.32', 1670754087, 0x5f5f63695f6c6173745f726567656e65726174657c693a313637303735343038373b),
('29de29a02f0d7783e52de4a94231923b3f12fe25', '37.37.186.29', 1670767060, 0x5f5f63695f6c6173745f726567656e65726174657c693a313637303736373036303b72656469726563745f75726c7c733a34383a2268747470733a2f2f736d617274636c696e69632e736d6172747461726765746b77742e6e65742f64617368626f617264223b6e616d657c733a353a2261646d696e223b756e6971756569647c733a373a2232303762313333223b6c6f676765725f70686f746f7c733a33363a2236353936666438666535343264386632396133643735326339396139386563662e706e67223b6c6f67676564696e5f69647c733a313a2231223b6c6f67676564696e5f726f6c655f69647c733a313a2231223b6c6f67676564696e5f7573657269647c733a313a2231223b646174655f666f726d61747c733a383a2225592f256d2f2564223b7365745f6c616e677c733a373a22656e676c697368223b6c6f67676564696e7c623a313b),
('2afc6ff9cbcd922e266043c60484805d0b1bf3d0', '156.215.191.210', 1670234450, 0x5f5f63695f6c6173745f726567656e65726174657c693a313637303233343435303b6e616d657c733a353a2261646d696e223b756e6971756569647c733a373a2232303762313333223b6c6f676765725f70686f746f7c733a33363a2236353936666438666535343264386632396133643735326339396139386563662e706e67223b6c6f67676564696e5f69647c733a313a2231223b6c6f67676564696e5f726f6c655f69647c733a313a2231223b6c6f67676564696e5f7573657269647c733a313a2231223b646174655f666f726d61747c733a383a2225592f256d2f2564223b7365745f6c616e677c733a373a22656e676c697368223b6c6f67676564696e7c623a313b),
('2b9aa31b0b155505733f7f7dc0a7651d63e31c3c', '41.142.228.32', 1670752797, 0x5f5f63695f6c6173745f726567656e65726174657c693a313637303735323739373b),
('2b9c8fe84cfa2cb8576379fbcdbbe74e1f875590', '37.37.186.29', 1670837054, 0x5f5f63695f6c6173745f726567656e65726174657c693a313637303833363935363b72656469726563745f75726c7c733a34383a2268747470733a2f2f736d617274636c696e69632e736d6172747461726765746b77742e6e65742f64617368626f617264223b6e616d657c733a353a2261646d696e223b756e6971756569647c733a373a2232303762313333223b6c6f676765725f70686f746f7c733a33363a2236353936666438666535343264386632396133643735326339396139386563662e706e67223b6c6f67676564696e5f69647c733a313a2231223b6c6f67676564696e5f726f6c655f69647c733a313a2231223b6c6f67676564696e5f7573657269647c733a313a2231223b646174655f666f726d61747c733a383a2225592f256d2f2564223b7365745f6c616e677c733a373a22656e676c697368223b6c6f67676564696e7c623a313b),
('2f9637d9099b54203436cb777071a58a279f2507', '37.37.186.29', 1670836653, 0x5f5f63695f6c6173745f726567656e65726174657c693a313637303833363635333b72656469726563745f75726c7c733a34383a2268747470733a2f2f736d617274636c696e69632e736d6172747461726765746b77742e6e65742f64617368626f617264223b6e616d657c733a353a2261646d696e223b756e6971756569647c733a373a2232303762313333223b6c6f676765725f70686f746f7c733a33363a2236353936666438666535343264386632396133643735326339396139386563662e706e67223b6c6f67676564696e5f69647c733a313a2231223b6c6f67676564696e5f726f6c655f69647c733a313a2231223b6c6f67676564696e5f7573657269647c733a313a2231223b646174655f666f726d61747c733a383a2225592f256d2f2564223b7365745f6c616e677c733a373a22656e676c697368223b6c6f67676564696e7c623a313b),
('2fc3e3352dca76c1ea4af2b8a784df86372c8ad1', '2a02:4780:11:c0de::21', 1670236460, 0x5f5f63695f6c6173745f726567656e65726174657c693a313637303233363436303b),
('2jul79v7eqogsi74vp5cov6atee85n0s', '2a02:4780:11:c0de::21', 1669286060, 0x5f5f63695f6c6173745f726567656e65726174657c693a313636393238363036303b),
('30b0c33b4913660f13917769249e096e3c9ec38a', '119.12.178.218', 1670220353, 0x5f5f63695f6c6173745f726567656e65726174657c693a313637303232303335333b),
('3197ee792f28479563295fb1b6203ec41c2b11af', '131.236.54.251', 1670819599, 0x5f5f63695f6c6173745f726567656e65726174657c693a313637303831393539393b),
('32ullhgjjkcli8krr33t0u5n8a61a5nd', '::1', 1671115298, 0x5f5f63695f6c6173745f726567656e65726174657c693a313637313131353239383b72656469726563745f75726c7c733a35313a22687474703a2f2f6c6f63616c686f73742f6f6e6c696e652f736d617274636c696e69632f73657276696365732f637265617465223b6e616d657c733a353a2261646d696e223b756e6971756569647c733a373a2232303762313333223b6c6f676765725f70686f746f7c733a33363a2236353936666438666535343264386632396133643735326339396139386563662e706e67223b6c6f67676564696e5f69647c733a313a2231223b6c6f67676564696e5f726f6c655f69647c733a313a2231223b6c6f67676564696e5f7573657269647c733a313a2231223b646174655f666f726d61747c733a383a2225592f256d2f2564223b7365745f6c616e677c733a373a22656e676c697368223b6c6f67676564696e7c623a313b),
('3307h02s5lqm4n7pnfe9eskdq8756ver', '197.32.82.4', 1669227339, 0x5f5f63695f6c6173745f726567656e65726174657c693a313636393232373239363b6e616d657c733a353a2261646d696e223b756e6971756569647c733a373a2232303762313333223b6c6f676765725f70686f746f7c733a33363a2236353936666438666535343264386632396133643735326339396139386563662e706e67223b6c6f67676564696e5f69647c733a313a2231223b6c6f67676564696e5f726f6c655f69647c733a313a2231223b6c6f67676564696e5f7573657269647c733a313a2231223b646174655f666f726d61747c733a383a2225592f256d2f2564223b7365745f6c616e677c733a373a22656e676c697368223b6c6f67676564696e7c623a313b70726f66696c655f7461627c693a313b5f5f63695f766172737c613a323a7b733a31313a2270726f66696c655f746162223b733a333a226f6c64223b733a32313a22616c6572742d6d6573736167652d73756363657373223b733a333a226f6c64223b7d616c6572742d6d6573736167652d737563636573737c733a34313a22496e666f726d6174696f6e20486173204265656e2055706461746564205375636365737366756c6c79223b),
('33711261f1d7348b56664e9516e2c8be146169ea', '37.37.186.29', 1670757077, 0x5f5f63695f6c6173745f726567656e65726174657c693a313637303735373037373b6e616d657c733a353a2261646d696e223b756e6971756569647c733a373a2232303762313333223b6c6f676765725f70686f746f7c733a33363a2236353936666438666535343264386632396133643735326339396139386563662e706e67223b6c6f67676564696e5f69647c733a313a2231223b6c6f67676564696e5f726f6c655f69647c733a313a2231223b6c6f67676564696e5f7573657269647c733a313a2231223b646174655f666f726d61747c733a383a2225592f256d2f2564223b7365745f6c616e677c733a373a22656e676c697368223b6c6f67676564696e7c623a313b),
('345a9ae65814be1ebe2945acb60a383aaf9e8f02', '156.215.191.210', 1670233022, 0x5f5f63695f6c6173745f726567656e65726174657c693a313637303233333032323b6e616d657c733a353a2261646d696e223b756e6971756569647c733a373a2232303762313333223b6c6f676765725f70686f746f7c733a33363a2236353936666438666535343264386632396133643735326339396139386563662e706e67223b6c6f67676564696e5f69647c733a313a2231223b6c6f67676564696e5f726f6c655f69647c733a313a2231223b6c6f67676564696e5f7573657269647c733a313a2231223b646174655f666f726d61747c733a383a2225592f256d2f2564223b7365745f6c616e677c733a373a22656e676c697368223b6c6f67676564696e7c623a313b),
('34c982c073cda2347471d11b391518b13e7b15fb', '156.215.191.210', 1670227558, 0x5f5f63695f6c6173745f726567656e65726174657c693a313637303232373535383b6e616d657c733a353a2261646d696e223b756e6971756569647c733a373a2232303762313333223b6c6f676765725f70686f746f7c733a33363a2236353936666438666535343264386632396133643735326339396139386563662e706e67223b6c6f67676564696e5f69647c733a313a2231223b6c6f67676564696e5f726f6c655f69647c733a313a2231223b6c6f67676564696e5f7573657269647c733a313a2231223b646174655f666f726d61747c733a383a2225592f256d2f2564223b7365745f6c616e677c733a373a22656e676c697368223b6c6f67676564696e7c623a313b),
('3595ce3fe7af14336464e22aeb007b278650b8ef', '41.239.133.78', 1670500793, 0x5f5f63695f6c6173745f726567656e65726174657c693a313637303530303739333b6e616d657c733a353a2261646d696e223b756e6971756569647c733a373a2232303762313333223b6c6f676765725f70686f746f7c733a33363a2236353936666438666535343264386632396133643735326339396139386563662e706e67223b6c6f67676564696e5f69647c733a313a2231223b6c6f67676564696e5f726f6c655f69647c733a313a2231223b6c6f67676564696e5f7573657269647c733a313a2231223b646174655f666f726d61747c733a383a2225592f256d2f2564223b7365745f6c616e677c733a373a22656e676c697368223b6c6f67676564696e7c623a313b),
('36f05h076q14ju17ef3957l53rqgg0n2', '::1', 1672634835, 0x5f5f63695f6c6173745f726567656e65726174657c693a313637323633343833353b72656469726563745f75726c7c733a35313a22687474703a2f2f6c6f63616c686f73742f6f6e6c696e652f736d617274636c696e69632f73657276696365732f637265617465223b6e616d657c4e3b756e6971756569647c4e3b6c6f676765725f70686f746f7c4e3b6c6f67676564696e5f69647c733a313a2231223b6c6f67676564696e5f726f6c655f69647c733a313a2231223b6c6f67676564696e5f7573657269647c733a313a2231223b646174655f666f726d61747c733a383a2225592f256d2f2564223b7365745f6c616e677c733a373a22656e676c697368223b6c6f67676564696e7c623a313b),
('3a54lqqeemjmm96d1tp6276vpu465tgg', '::1', 1672634010, 0x5f5f63695f6c6173745f726567656e65726174657c693a313637323633343031303b72656469726563745f75726c7c733a35313a22687474703a2f2f6c6f63616c686f73742f6f6e6c696e652f736d617274636c696e69632f73657276696365732f637265617465223b6e616d657c4e3b756e6971756569647c4e3b6c6f676765725f70686f746f7c4e3b6c6f67676564696e5f69647c733a313a2231223b6c6f67676564696e5f726f6c655f69647c733a313a2231223b6c6f67676564696e5f7573657269647c733a313a2231223b646174655f666f726d61747c733a383a2225592f256d2f2564223b7365745f6c616e677c733a373a22656e676c697368223b6c6f67676564696e7c623a313b),
('3bnola4f31mf1rjej28g1fvq8bdj1cpc', '::1', 1672587570, 0x5f5f63695f6c6173745f726567656e65726174657c693a313637323538373537303b72656469726563745f75726c7c733a35313a22687474703a2f2f6c6f63616c686f73742f6f6e6c696e652f736d617274636c696e69632f73657276696365732f637265617465223b6e616d657c4e3b756e6971756569647c4e3b6c6f676765725f70686f746f7c4e3b6c6f67676564696e5f69647c733a313a2231223b6c6f67676564696e5f726f6c655f69647c733a313a2231223b6c6f67676564696e5f7573657269647c733a313a2231223b646174655f666f726d61747c733a383a2225592f256d2f2564223b7365745f6c616e677c733a373a22656e676c697368223b6c6f67676564696e7c623a313b),
('3dcvfe5fmeg8dr0e40ir2718ulib7qfe', '::1', 1672483823, 0x5f5f63695f6c6173745f726567656e65726174657c693a313637323438333832333b72656469726563745f75726c7c733a35313a22687474703a2f2f6c6f63616c686f73742f6f6e6c696e652f736d617274636c696e69632f73657276696365732f637265617465223b6e616d657c4e3b756e6971756569647c4e3b6c6f676765725f70686f746f7c4e3b6c6f67676564696e5f69647c733a313a2231223b6c6f67676564696e5f726f6c655f69647c733a313a2231223b6c6f67676564696e5f7573657269647c733a313a2231223b646174655f666f726d61747c733a383a2225592f256d2f2564223b7365745f6c616e677c733a373a22656e676c697368223b6c6f67676564696e7c623a313b616c6572742d6d6573736167652d737563636573737c733a33393a22496e666f726d6174696f6e20486173204265656e205361766564205375636365737366756c6c79223b5f5f63695f766172737c613a313a7b733a32313a22616c6572742d6d6573736167652d73756363657373223b733a333a226f6c64223b7d),
('3isfev0sshd0e42qmr7s430hj9audcbe', '::1', 1672289351, 0x5f5f63695f6c6173745f726567656e65726174657c693a313637323238393335313b72656469726563745f75726c7c733a35313a22687474703a2f2f6c6f63616c686f73742f6f6e6c696e652f736d617274636c696e69632f73657276696365732f637265617465223b6e616d657c4e3b756e6971756569647c4e3b6c6f676765725f70686f746f7c4e3b6c6f67676564696e5f69647c733a313a2231223b6c6f67676564696e5f726f6c655f69647c733a313a2231223b6c6f67676564696e5f7573657269647c733a313a2231223b646174655f666f726d61747c733a383a2225592f256d2f2564223b7365745f6c616e677c733a373a22656e676c697368223b6c6f67676564696e7c623a313b),
('3l2ddj61cdv1e2h0fqhav1f0jdqujrec', '69.4.87.74', 1669249421, 0x5f5f63695f6c6173745f726567656e65726174657c693a313636393234393432313b),
('3m9879jstl3pg8j2c8ilpaqri45u66jf', '41.45.32.179', 1669462982, 0x5f5f63695f6c6173745f726567656e65726174657c693a313636393436323938323b6e616d657c733a353a2261646d696e223b756e6971756569647c733a373a2232303762313333223b6c6f676765725f70686f746f7c733a33363a2236353936666438666535343264386632396133643735326339396139386563662e706e67223b6c6f67676564696e5f69647c733a313a2231223b6c6f67676564696e5f726f6c655f69647c733a313a2231223b6c6f67676564696e5f7573657269647c733a313a2231223b646174655f666f726d61747c733a383a2225592f256d2f2564223b7365745f6c616e677c733a373a22656e676c697368223b6c6f67676564696e7c623a313b),
('3ml0rh3o7v59jucbkksng68hd8rm3oda', '::1', 1672228725, 0x5f5f63695f6c6173745f726567656e65726174657c693a313637323232383732353b72656469726563745f75726c7c733a35313a22687474703a2f2f6c6f63616c686f73742f6f6e6c696e652f736d617274636c696e69632f73657276696365732f637265617465223b6e616d657c4e3b756e6971756569647c4e3b6c6f676765725f70686f746f7c4e3b6c6f67676564696e5f69647c733a313a2231223b6c6f67676564696e5f726f6c655f69647c733a313a2231223b6c6f67676564696e5f7573657269647c733a313a2231223b646174655f666f726d61747c733a383a2225592f256d2f2564223b7365745f6c616e677c733a373a22656e676c697368223b6c6f67676564696e7c623a313b),
('3nr41qk4j2vs68rfumrk5pas94tt3cep', '::1', 1672156628, 0x5f5f63695f6c6173745f726567656e65726174657c693a313637323135363632383b6e616d657c733a353a2261646d696e223b756e6971756569647c733a373a2232303762313333223b6c6f676765725f70686f746f7c733a33363a2236353936666438666535343264386632396133643735326339396139386563662e706e67223b6c6f67676564696e5f69647c733a313a2231223b6c6f67676564696e5f726f6c655f69647c733a313a2231223b6c6f67676564696e5f7573657269647c733a313a2231223b646174655f666f726d61747c733a383a2225592f256d2f2564223b7365745f6c616e677c733a373a22656e676c697368223b6c6f67676564696e7c623a313b),
('3okde0doj6v4dcfr7ueo6rhapqgk6eva', '::1', 1672229726, 0x5f5f63695f6c6173745f726567656e65726174657c693a313637323232393732363b72656469726563745f75726c7c733a35313a22687474703a2f2f6c6f63616c686f73742f6f6e6c696e652f736d617274636c696e69632f73657276696365732f637265617465223b6e616d657c4e3b756e6971756569647c4e3b6c6f676765725f70686f746f7c4e3b6c6f67676564696e5f69647c733a313a2231223b6c6f67676564696e5f726f6c655f69647c733a313a2231223b6c6f67676564696e5f7573657269647c733a313a2231223b646174655f666f726d61747c733a383a2225592f256d2f2564223b7365745f6c616e677c733a373a22656e676c697368223b6c6f67676564696e7c623a313b),
('41gdqvprjh9buc6sc9ov9hpq19jhg8en', '156.215.208.110', 1669533128, 0x5f5f63695f6c6173745f726567656e65726174657c693a313636393533333132383b72656469726563745f75726c7c733a35353a2268747470733a2f2f736d617274636c696e69632e736d6172747461726765746b77742e6e65742f6163636f756e74732f766f7563686572223b),
('44da5145d27088ae4b487cc766f16e1a5065128a', '2a02:4780:11:c0de::21', 1670322860, 0x5f5f63695f6c6173745f726567656e65726174657c693a313637303332323836303b),
('4551ffd750553f1f64156eb156d2eebf250b2387', '156.215.191.210', 1670226939, 0x5f5f63695f6c6173745f726567656e65726174657c693a313637303232363735353b6e616d657c733a353a2261646d696e223b756e6971756569647c733a373a2232303762313333223b6c6f676765725f70686f746f7c733a33363a2236353936666438666535343264386632396133643735326339396139386563662e706e67223b6c6f67676564696e5f69647c733a313a2231223b6c6f67676564696e5f726f6c655f69647c733a313a2231223b6c6f67676564696e5f7573657269647c733a313a2231223b646174655f666f726d61747c733a383a2225592f256d2f2564223b7365745f6c616e677c733a373a22656e676c697368223b6c6f67676564696e7c623a313b),
('45umpm9f42lado3dlk7nge6kdjo9gtgj', '::1', 1672230403, 0x5f5f63695f6c6173745f726567656e65726174657c693a313637323233303430333b72656469726563745f75726c7c733a35313a22687474703a2f2f6c6f63616c686f73742f6f6e6c696e652f736d617274636c696e69632f73657276696365732f637265617465223b6e616d657c4e3b756e6971756569647c4e3b6c6f676765725f70686f746f7c4e3b6c6f67676564696e5f69647c733a313a2231223b6c6f67676564696e5f726f6c655f69647c733a313a2231223b6c6f67676564696e5f7573657269647c733a313a2231223b646174655f666f726d61747c733a383a2225592f256d2f2564223b7365745f6c616e677c733a373a22656e676c697368223b6c6f67676564696e7c623a313b),
('4958d6eamddfib53k18uod4emomsl1jn', '::1', 1671082437, 0x5f5f63695f6c6173745f726567656e65726174657c693a313637313038323433373b72656469726563745f75726c7c733a35313a22687474703a2f2f6c6f63616c686f73742f6f6e6c696e652f736d617274636c696e69632f73657276696365732f637265617465223b6e616d657c733a353a2261646d696e223b756e6971756569647c733a373a2232303762313333223b6c6f676765725f70686f746f7c733a33363a2236353936666438666535343264386632396133643735326339396139386563662e706e67223b6c6f67676564696e5f69647c733a313a2231223b6c6f67676564696e5f726f6c655f69647c733a313a2231223b6c6f67676564696e5f7573657269647c733a313a2231223b646174655f666f726d61747c733a383a2225592f256d2f2564223b7365745f6c616e677c733a373a22656e676c697368223b6c6f67676564696e7c623a313b),
('4flcpod6gla4lk8q63rh5c7tjvso4v17', '::1', 1672911698, 0x5f5f63695f6c6173745f726567656e65726174657c693a313637323931313639383b72656469726563745f75726c7c733a35313a22687474703a2f2f6c6f63616c686f73742f6f6e6c696e652f736d617274636c696e69632f73657276696365732f637265617465223b6e616d657c4e3b756e6971756569647c4e3b6c6f676765725f70686f746f7c4e3b6c6f67676564696e5f69647c733a313a2231223b6c6f67676564696e5f726f6c655f69647c733a313a2231223b6c6f67676564696e5f7573657269647c733a313a2231223b646174655f666f726d61747c733a383a2225592f256d2f2564223b7365745f6c616e677c733a373a22656e676c697368223b6c6f67676564696e7c623a313b),
('4h2v5911uhpnvt2mg5hdh2ofbnei6l7r', '2a02:4780:11:c0de::21', 1669804460, 0x5f5f63695f6c6173745f726567656e65726174657c693a313636393830343436303b),
('4tf1og5ek6agpk2bpssp6ckqv8cp68sk', '::1', 1672991847, 0x5f5f63695f6c6173745f726567656e65726174657c693a313637323939313834373b6e616d657c4e3b756e6971756569647c4e3b6c6f676765725f70686f746f7c4e3b6c6f67676564696e5f69647c733a313a2231223b6c6f67676564696e5f726f6c655f69647c733a313a2231223b6c6f67676564696e5f7573657269647c733a313a2231223b646174655f666f726d61747c733a383a2225592f256d2f2564223b7365745f6c616e677c733a373a22656e676c697368223b6c6f67676564696e7c623a313b),
('4vngh6f8uuogg25r3q7akbui7mns3r8p', '::1', 1670939655, 0x5f5f63695f6c6173745f726567656e65726174657c693a313637303933393635353b6e616d657c733a353a2261646d696e223b756e6971756569647c733a373a2232303762313333223b6c6f676765725f70686f746f7c733a33363a2236353936666438666535343264386632396133643735326339396139386563662e706e67223b6c6f67676564696e5f69647c733a313a2231223b6c6f67676564696e5f726f6c655f69647c733a313a2231223b6c6f67676564696e5f7573657269647c733a313a2231223b646174655f666f726d61747c733a383a2225592f256d2f2564223b7365745f6c616e677c733a373a22656e676c697368223b6c6f67676564696e7c623a313b),
('501ab5ed1bec1b3ed9dae34c28ffd169c47d8731', '220.244.136.133', 1670819601, 0x5f5f63695f6c6173745f726567656e65726174657c693a313637303831393630313b),
('536b199609a0be7bf9dd767e3b1bb26788e962b2', '156.215.191.210', 1670153923, 0x5f5f63695f6c6173745f726567656e65726174657c693a313637303135333634353b6e616d657c733a353a2261646d696e223b756e6971756569647c733a373a2232303762313333223b6c6f676765725f70686f746f7c733a33363a2236353936666438666535343264386632396133643735326339396139386563662e706e67223b6c6f67676564696e5f69647c733a313a2231223b6c6f67676564696e5f726f6c655f69647c733a313a2231223b6c6f67676564696e5f7573657269647c733a313a2231223b646174655f666f726d61747c733a383a2225592f256d2f2564223b7365745f6c616e677c733a373a22656e676c697368223b6c6f67676564696e7c623a313b),
('5808c146988220ba577ed14e28b2273ff44f0b11', '156.215.191.210', 1670232667, 0x5f5f63695f6c6173745f726567656e65726174657c693a313637303233323636373b6e616d657c733a353a2261646d696e223b756e6971756569647c733a373a2232303762313333223b6c6f676765725f70686f746f7c733a33363a2236353936666438666535343264386632396133643735326339396139386563662e706e67223b6c6f67676564696e5f69647c733a313a2231223b6c6f67676564696e5f726f6c655f69647c733a313a2231223b6c6f67676564696e5f7573657269647c733a313a2231223b646174655f666f726d61747c733a383a2225592f256d2f2564223b7365745f6c616e677c733a373a22656e676c697368223b6c6f67676564696e7c623a313b),
('58quanglg47jmfnplkpbjm6j9heaatqm', '::1', 1672633051, 0x5f5f63695f6c6173745f726567656e65726174657c693a313637323633333035313b72656469726563745f75726c7c733a35313a22687474703a2f2f6c6f63616c686f73742f6f6e6c696e652f736d617274636c696e69632f73657276696365732f637265617465223b6e616d657c4e3b756e6971756569647c4e3b6c6f676765725f70686f746f7c4e3b6c6f67676564696e5f69647c733a313a2231223b6c6f67676564696e5f726f6c655f69647c733a313a2231223b6c6f67676564696e5f7573657269647c733a313a2231223b646174655f666f726d61747c733a383a2225592f256d2f2564223b7365745f6c616e677c733a373a22656e676c697368223b6c6f67676564696e7c623a313b),
('5b1ed36849665c6f136498e41a099dc9642d0d6d', '205.169.39.63', 1670673511, 0x5f5f63695f6c6173745f726567656e65726174657c693a313637303637333531313b),
('5b2e1a30d70173160e0d6b119cdd2cefe71fc03b', '37.38.240.174', 1670227301, 0x5f5f63695f6c6173745f726567656e65726174657c693a313637303232373330313b6e616d657c733a353a2261646d696e223b756e6971756569647c733a373a2232303762313333223b6c6f676765725f70686f746f7c733a33363a2236353936666438666535343264386632396133643735326339396139386563662e706e67223b6c6f67676564696e5f69647c733a313a2231223b6c6f67676564696e5f726f6c655f69647c733a313a2231223b6c6f67676564696e5f7573657269647c733a313a2231223b646174655f666f726d61747c733a383a2225592f256d2f2564223b7365745f6c616e677c733a373a22656e676c697368223b6c6f67676564696e7c623a313b),
('5cdje4r3pc73cqlqglqge7h08p44i95e', '::1', 1672374845, 0x5f5f63695f6c6173745f726567656e65726174657c693a313637323337343834353b72656469726563745f75726c7c733a35313a22687474703a2f2f6c6f63616c686f73742f6f6e6c696e652f736d617274636c696e69632f73657276696365732f637265617465223b6e616d657c4e3b756e6971756569647c4e3b6c6f676765725f70686f746f7c4e3b6c6f67676564696e5f69647c733a313a2231223b6c6f67676564696e5f726f6c655f69647c733a313a2231223b6c6f67676564696e5f7573657269647c733a313a2231223b646174655f666f726d61747c733a383a2225592f256d2f2564223b7365745f6c616e677c733a373a22656e676c697368223b6c6f67676564696e7c623a313b),
('5e4a5040668dffec05077dadaab3e4146b4e8a81', '37.38.240.174', 1670226238, 0x5f5f63695f6c6173745f726567656e65726174657c693a313637303232363233383b6e616d657c733a353a2261646d696e223b756e6971756569647c733a373a2232303762313333223b6c6f676765725f70686f746f7c733a33363a2236353936666438666535343264386632396133643735326339396139386563662e706e67223b6c6f67676564696e5f69647c733a313a2231223b6c6f67676564696e5f726f6c655f69647c733a313a2231223b6c6f67676564696e5f7573657269647c733a313a2231223b646174655f666f726d61747c733a383a2225592f256d2f2564223b7365745f6c616e677c733a373a22656e676c697368223b6c6f67676564696e7c623a313b),
('5n1a7g4o2v8iu8p24c44ma2tinph326m', '::1', 1672378668, 0x5f5f63695f6c6173745f726567656e65726174657c693a313637323337383636383b72656469726563745f75726c7c733a35313a22687474703a2f2f6c6f63616c686f73742f6f6e6c696e652f736d617274636c696e69632f73657276696365732f637265617465223b6e616d657c4e3b756e6971756569647c4e3b6c6f676765725f70686f746f7c4e3b6c6f67676564696e5f69647c733a313a2231223b6c6f67676564696e5f726f6c655f69647c733a313a2231223b6c6f67676564696e5f7573657269647c733a313a2231223b646174655f666f726d61747c733a383a2225592f256d2f2564223b7365745f6c616e677c733a373a22656e676c697368223b6c6f67676564696e7c623a313b),
('5niv5pnndr7fgkj88imlftpb0gpmore6', '::1', 1672636292, 0x5f5f63695f6c6173745f726567656e65726174657c693a313637323633363230363b72656469726563745f75726c7c733a35313a22687474703a2f2f6c6f63616c686f73742f6f6e6c696e652f736d617274636c696e69632f73657276696365732f637265617465223b6e616d657c4e3b756e6971756569647c4e3b6c6f676765725f70686f746f7c4e3b6c6f67676564696e5f69647c733a313a2231223b6c6f67676564696e5f726f6c655f69647c733a313a2231223b6c6f67676564696e5f7573657269647c733a313a2231223b646174655f666f726d61747c733a383a2225592f256d2f2564223b7365745f6c616e677c733a373a22656e676c697368223b6c6f67676564696e7c623a313b),
('5ph0s0iu964hsb94kl6ner1koflbnuiq', '::1', 1672584637, 0x5f5f63695f6c6173745f726567656e65726174657c693a313637323538343633373b72656469726563745f75726c7c733a35313a22687474703a2f2f6c6f63616c686f73742f6f6e6c696e652f736d617274636c696e69632f73657276696365732f637265617465223b),
('60bcdsqgu056188ep3j9j59t07onl85m', '::1', 1672820427, 0x5f5f63695f6c6173745f726567656e65726174657c693a313637323832303432373b72656469726563745f75726c7c733a35313a22687474703a2f2f6c6f63616c686f73742f6f6e6c696e652f736d617274636c696e69632f73657276696365732f637265617465223b6e616d657c4e3b756e6971756569647c4e3b6c6f676765725f70686f746f7c4e3b6c6f67676564696e5f69647c733a313a2231223b6c6f67676564696e5f726f6c655f69647c733a313a2231223b6c6f67676564696e5f7573657269647c733a313a2231223b646174655f666f726d61747c733a383a2225592f256d2f2564223b7365745f6c616e677c733a373a22656e676c697368223b6c6f67676564696e7c623a313b),
('638b29bbdb2186f4d02dadca9b4ec0817a767ed3', '156.215.191.210', 1670233748, 0x5f5f63695f6c6173745f726567656e65726174657c693a313637303233333734383b6e616d657c733a353a2261646d696e223b756e6971756569647c733a373a2232303762313333223b6c6f676765725f70686f746f7c733a33363a2236353936666438666535343264386632396133643735326339396139386563662e706e67223b6c6f67676564696e5f69647c733a313a2231223b6c6f67676564696e5f726f6c655f69647c733a313a2231223b6c6f67676564696e5f7573657269647c733a313a2231223b646174655f666f726d61747c733a383a2225592f256d2f2564223b7365745f6c616e677c733a373a22656e676c697368223b6c6f67676564696e7c623a313b),
('654plud7enlqb2bg84ckd1c61qgca6i1', '::1', 1672379187, 0x5f5f63695f6c6173745f726567656e65726174657c693a313637323337393033353b72656469726563745f75726c7c733a35313a22687474703a2f2f6c6f63616c686f73742f6f6e6c696e652f736d617274636c696e69632f73657276696365732f637265617465223b6e616d657c4e3b756e6971756569647c4e3b6c6f676765725f70686f746f7c4e3b6c6f67676564696e5f69647c733a313a2231223b6c6f67676564696e5f726f6c655f69647c733a313a2231223b6c6f67676564696e5f7573657269647c733a313a2231223b646174655f666f726d61747c733a383a2225592f256d2f2564223b7365745f6c616e677c733a373a22656e676c697368223b6c6f67676564696e7c623a313b),
('6661e0a96a01c2ebf56737aed32601f6d1f7dde5', '37.38.240.174', 1670225239, 0x5f5f63695f6c6173745f726567656e65726174657c693a313637303232353233393b6e616d657c733a353a2261646d696e223b756e6971756569647c733a373a2232303762313333223b6c6f676765725f70686f746f7c733a33363a2236353936666438666535343264386632396133643735326339396139386563662e706e67223b6c6f67676564696e5f69647c733a313a2231223b6c6f67676564696e5f726f6c655f69647c733a313a2231223b6c6f67676564696e5f7573657269647c733a313a2231223b646174655f666f726d61747c733a383a2225592f256d2f2564223b7365745f6c616e677c733a373a22656e676c697368223b6c6f67676564696e7c623a313b),
('66f75c9ce30b567d5dd57657a6d7880c8e3707c1', '103.255.7.49', 1670753591, 0x5f5f63695f6c6173745f726567656e65726174657c693a313637303735333536333b),
('67840bbd96c1a4569626d590213a60d7621de137', '156.215.53.60', 1670187512, 0x5f5f63695f6c6173745f726567656e65726174657c693a313637303138373237383b6e616d657c733a353a2261646d696e223b756e6971756569647c733a373a2232303762313333223b6c6f676765725f70686f746f7c733a33363a2236353936666438666535343264386632396133643735326339396139386563662e706e67223b6c6f67676564696e5f69647c733a313a2231223b6c6f67676564696e5f726f6c655f69647c733a313a2231223b6c6f67676564696e5f7573657269647c733a313a2231223b646174655f666f726d61747c733a383a2225592f256d2f2564223b7365745f6c616e677c733a373a22656e676c697368223b6c6f67676564696e7c623a313b),
('687pvvvktppgn8mt0bhemmkp6jlrfdlf', '::1', 1672287816, 0x5f5f63695f6c6173745f726567656e65726174657c693a313637323238373831363b72656469726563745f75726c7c733a35313a22687474703a2f2f6c6f63616c686f73742f6f6e6c696e652f736d617274636c696e69632f73657276696365732f637265617465223b6e616d657c4e3b756e6971756569647c4e3b6c6f676765725f70686f746f7c4e3b6c6f67676564696e5f69647c733a313a2231223b6c6f67676564696e5f726f6c655f69647c733a313a2231223b6c6f67676564696e5f7573657269647c733a313a2231223b646174655f666f726d61747c733a383a2225592f256d2f2564223b7365745f6c616e677c733a373a22656e676c697368223b6c6f67676564696e7c623a313b),
('6ad11b52cec7c00efad4da59b6673251b3597aef', '156.215.191.210', 1670224812, 0x5f5f63695f6c6173745f726567656e65726174657c693a313637303232343831323b6e616d657c733a353a2261646d696e223b756e6971756569647c733a373a2232303762313333223b6c6f676765725f70686f746f7c733a33363a2236353936666438666535343264386632396133643735326339396139386563662e706e67223b6c6f67676564696e5f69647c733a313a2231223b6c6f67676564696e5f726f6c655f69647c733a313a2231223b6c6f67676564696e5f7573657269647c733a313a2231223b646174655f666f726d61747c733a383a2225592f256d2f2564223b7365745f6c616e677c733a373a22656e676c697368223b6c6f67676564696e7c623a313b),
('6c786e2d4c9be5c9fee87c87b8f692667a0bf5b4', '37.38.240.174', 1670225648, 0x5f5f63695f6c6173745f726567656e65726174657c693a313637303232353634383b6e616d657c733a353a2261646d696e223b756e6971756569647c733a373a2232303762313333223b6c6f676765725f70686f746f7c733a33363a2236353936666438666535343264386632396133643735326339396139386563662e706e67223b6c6f67676564696e5f69647c733a313a2231223b6c6f67676564696e5f726f6c655f69647c733a313a2231223b6c6f67676564696e5f7573657269647c733a313a2231223b646174655f666f726d61747c733a383a2225592f256d2f2564223b7365745f6c616e677c733a373a22656e676c697368223b6c6f67676564696e7c623a313b),
('6db950ac3807881b9fc14799cf1b2f0fefb64561', '37.37.186.29', 1670766070, 0x5f5f63695f6c6173745f726567656e65726174657c693a313637303736363037303b72656469726563745f75726c7c733a34383a2268747470733a2f2f736d617274636c696e69632e736d6172747461726765746b77742e6e65742f64617368626f617264223b6e616d657c733a353a2261646d696e223b756e6971756569647c733a373a2232303762313333223b6c6f676765725f70686f746f7c733a33363a2236353936666438666535343264386632396133643735326339396139386563662e706e67223b6c6f67676564696e5f69647c733a313a2231223b6c6f67676564696e5f726f6c655f69647c733a313a2231223b6c6f67676564696e5f7573657269647c733a313a2231223b646174655f666f726d61747c733a383a2225592f256d2f2564223b7365745f6c616e677c733a373a22656e676c697368223b6c6f67676564696e7c623a313b),
('6rqethhlkkm3c2po4umb1bfjcc4mqqku', '::1', 1670943667, 0x5f5f63695f6c6173745f726567656e65726174657c693a313637303934333531363b6e616d657c733a353a2261646d696e223b756e6971756569647c733a373a2232303762313333223b6c6f676765725f70686f746f7c733a33363a2236353936666438666535343264386632396133643735326339396139386563662e706e67223b6c6f67676564696e5f69647c733a313a2231223b6c6f67676564696e5f726f6c655f69647c733a313a2231223b6c6f67676564696e5f7573657269647c733a313a2231223b646174655f666f726d61747c733a383a2225592f256d2f2564223b7365745f6c616e677c733a373a22656e676c697368223b6c6f67676564696e7c623a313b),
('6us5malimonvhq2u0arij1vq04frmaut', '45.87.9.220', 1669241104, 0x5f5f63695f6c6173745f726567656e65726174657c693a313636393234313130343b),
('6v3b3g3f8brgjr4l77p24lhr663foemr', '35.246.65.127', 1669731827, 0x5f5f63695f6c6173745f726567656e65726174657c693a313636393733313832373b),
('6vdhicpcuthoppitcu94n1g50o0lrbul', '::1', 1670997752, 0x5f5f63695f6c6173745f726567656e65726174657c693a313637303939373735323b72656469726563745f75726c7c733a35313a22687474703a2f2f6c6f63616c686f73742f6f6e6c696e652f736d617274636c696e69632f73657276696365732f637265617465223b6e616d657c733a353a2261646d696e223b756e6971756569647c733a373a2232303762313333223b6c6f676765725f70686f746f7c733a33363a2236353936666438666535343264386632396133643735326339396139386563662e706e67223b6c6f67676564696e5f69647c733a313a2231223b6c6f67676564696e5f726f6c655f69647c733a313a2231223b6c6f67676564696e5f7573657269647c733a313a2231223b646174655f666f726d61747c733a383a2225592f256d2f2564223b7365745f6c616e677c733a373a22656e676c697368223b6c6f67676564696e7c623a313b),
('7257juf3mo8dtei7q5l5kj50h99h8bqe', '35.246.65.127', 1669904627, 0x5f5f63695f6c6173745f726567656e65726174657c693a313636393930343632373b),
('7268aln8sme27qoja818g6ff95i01kiv', '::1', 1672379035, 0x5f5f63695f6c6173745f726567656e65726174657c693a313637323337393033353b72656469726563745f75726c7c733a35313a22687474703a2f2f6c6f63616c686f73742f6f6e6c696e652f736d617274636c696e69632f73657276696365732f637265617465223b6e616d657c4e3b756e6971756569647c4e3b6c6f676765725f70686f746f7c4e3b6c6f67676564696e5f69647c733a313a2231223b6c6f67676564696e5f726f6c655f69647c733a313a2231223b6c6f67676564696e5f7573657269647c733a313a2231223b646174655f666f726d61747c733a383a2225592f256d2f2564223b7365745f6c616e677c733a373a22656e676c697368223b6c6f67676564696e7c623a313b),
('749376bcd075292e220129f5ca8ec9d85437771a', '41.142.228.32', 1670754087, 0x5f5f63695f6c6173745f726567656e65726174657c693a313637303735343038373b),
('751ed1d885d04974248511050a6a7c5c17a66569', '102.44.132.150', 1670917786, 0x5f5f63695f6c6173745f726567656e65726174657c693a313637303931373738363b),
('75amk5nk8pqigqhqgrru2osdc0mm6ve5', '::1', 1672157645, 0x5f5f63695f6c6173745f726567656e65726174657c693a313637323135373634353b6e616d657c733a353a2261646d696e223b756e6971756569647c733a373a2232303762313333223b6c6f676765725f70686f746f7c733a33363a2236353936666438666535343264386632396133643735326339396139386563662e706e67223b6c6f67676564696e5f69647c733a313a2231223b6c6f67676564696e5f726f6c655f69647c733a313a2231223b6c6f67676564696e5f7573657269647c733a313a2231223b646174655f666f726d61747c733a383a2225592f256d2f2564223b7365745f6c616e677c733a373a22656e676c697368223b6c6f67676564696e7c623a313b),
('75f36b3415209f10b37f7645ac4ed6f43bdf2a14', '41.142.228.32', 1670752797, 0x5f5f63695f6c6173745f726567656e65726174657c693a313637303735323739373b),
('778a9b65d10f617d653cfbb914a44c6e91d3ce71', '37.38.240.174', 1670228588, 0x5f5f63695f6c6173745f726567656e65726174657c693a313637303232383538383b6e616d657c733a353a2261646d696e223b756e6971756569647c733a373a2232303762313333223b6c6f676765725f70686f746f7c733a33363a2236353936666438666535343264386632396133643735326339396139386563662e706e67223b6c6f67676564696e5f69647c733a313a2231223b6c6f67676564696e5f726f6c655f69647c733a313a2231223b6c6f67676564696e5f7573657269647c733a313a2231223b646174655f666f726d61747c733a383a2225592f256d2f2564223b7365745f6c616e677c733a373a22656e676c697368223b6c6f67676564696e7c623a313b),
('7b1d5d855d1e4345d4cd6f2393944ef578845330', '54.85.64.205', 1670752795, 0x5f5f63695f6c6173745f726567656e65726174657c693a313637303735323739353b),
('7c27d398c1b4c76e3ddb2436c34c4ea64d7afb7e', '2a02:4780:11:c0de::21', 1670495660, 0x5f5f63695f6c6173745f726567656e65726174657c693a313637303439353636303b),
('7fsopu1llquqbk8sbgpcna4d55eb96ho', '46.70.96.77', 1669570871, 0x5f5f63695f6c6173745f726567656e65726174657c693a313636393537303837313b),
('7imgjf3acsefe878hfn80usu3ur503dv', '::1', 1672460875, 0x5f5f63695f6c6173745f726567656e65726174657c693a313637323436303837353b72656469726563745f75726c7c733a35313a22687474703a2f2f6c6f63616c686f73742f6f6e6c696e652f736d617274636c696e69632f73657276696365732f637265617465223b6e616d657c4e3b756e6971756569647c4e3b6c6f676765725f70686f746f7c4e3b6c6f67676564696e5f69647c733a313a2231223b6c6f67676564696e5f726f6c655f69647c733a313a2231223b6c6f67676564696e5f7573657269647c733a313a2231223b646174655f666f726d61747c733a383a2225592f256d2f2564223b7365745f6c616e677c733a373a22656e676c697368223b6c6f67676564696e7c623a313b),
('7k2mfvce7i76srl0gbsa5klmhbdp344o', '18.231.140.2', 1669338490, 0x5f5f63695f6c6173745f726567656e65726174657c693a313636393333383439303b),
('7ng0tjvdgi9lf55h7iqgnrpgcipevp87', '::1', 1670997788, 0x5f5f63695f6c6173745f726567656e65726174657c693a313637303939373735323b72656469726563745f75726c7c733a35313a22687474703a2f2f6c6f63616c686f73742f6f6e6c696e652f736d617274636c696e69632f73657276696365732f637265617465223b6e616d657c733a353a2261646d696e223b756e6971756569647c733a373a2232303762313333223b6c6f676765725f70686f746f7c733a33363a2236353936666438666535343264386632396133643735326339396139386563662e706e67223b6c6f67676564696e5f69647c733a313a2231223b6c6f67676564696e5f726f6c655f69647c733a313a2231223b6c6f67676564696e5f7573657269647c733a313a2231223b646174655f666f726d61747c733a383a2225592f256d2f2564223b7365745f6c616e677c733a373a22656e676c697368223b6c6f67676564696e7c623a313b),
('7oruph6hebffjmmnepeb35gvh5dbm83l', '18.230.64.123', 1669533869, 0x5f5f63695f6c6173745f726567656e65726174657c693a313636393533333836393b),
('7t24cvh47a2348jvc7gh9783qo96kk1v', '::1', 1672484623, 0x5f5f63695f6c6173745f726567656e65726174657c693a313637323438343533373b72656469726563745f75726c7c733a35313a22687474703a2f2f6c6f63616c686f73742f6f6e6c696e652f736d617274636c696e69632f73657276696365732f637265617465223b6e616d657c4e3b756e6971756569647c4e3b6c6f676765725f70686f746f7c4e3b6c6f67676564696e5f69647c733a313a2231223b6c6f67676564696e5f726f6c655f69647c733a313a2231223b6c6f67676564696e5f7573657269647c733a313a2231223b646174655f666f726d61747c733a383a2225592f256d2f2564223b7365745f6c616e677c733a373a22656e676c697368223b6c6f67676564696e7c623a313b),
('823a866b46935efe9c0d4acd5796c3dd8ce54a3f', '156.215.53.60', 1670187278, 0x5f5f63695f6c6173745f726567656e65726174657c693a313637303138373237383b6e616d657c733a353a2261646d696e223b756e6971756569647c733a373a2232303762313333223b6c6f676765725f70686f746f7c733a33363a2236353936666438666535343264386632396133643735326339396139386563662e706e67223b6c6f67676564696e5f69647c733a313a2231223b6c6f67676564696e5f726f6c655f69647c733a313a2231223b6c6f67676564696e5f7573657269647c733a313a2231223b646174655f666f726d61747c733a383a2225592f256d2f2564223b7365745f6c616e677c733a373a22656e676c697368223b6c6f67676564696e7c623a313b),
('82obhbm4mk76vvmoj2nh8vvt2np9vp77', '::1', 1672737739, 0x5f5f63695f6c6173745f726567656e65726174657c693a313637323733373537343b6e616d657c4e3b756e6971756569647c4e3b6c6f676765725f70686f746f7c4e3b6c6f67676564696e5f69647c733a313a2231223b6c6f67676564696e5f726f6c655f69647c733a313a2231223b6c6f67676564696e5f7573657269647c733a313a2231223b646174655f666f726d61747c733a383a2225592f256d2f2564223b7365745f6c616e677c733a373a22656e676c697368223b6c6f67676564696e7c623a313b),
('84tio20c8up8mq7bqnek8bf4taj44om1', '::1', 1672588330, 0x5f5f63695f6c6173745f726567656e65726174657c693a313637323538383333303b72656469726563745f75726c7c733a35313a22687474703a2f2f6c6f63616c686f73742f6f6e6c696e652f736d617274636c696e69632f73657276696365732f637265617465223b6e616d657c4e3b756e6971756569647c4e3b6c6f676765725f70686f746f7c4e3b6c6f67676564696e5f69647c733a313a2231223b6c6f67676564696e5f726f6c655f69647c733a313a2231223b6c6f67676564696e5f7573657269647c733a313a2231223b646174655f666f726d61747c733a383a2225592f256d2f2564223b7365745f6c616e677c733a373a22656e676c697368223b6c6f67676564696e7c623a313b),
('859af5202fff8f70933e7414e36ffb22bbfade7a', '2400:adc7:1908:3200:c9ce:9db1:2077:ec89', 1670754345, 0x5f5f63695f6c6173745f726567656e65726174657c693a313637303735343334353b),
('87cb1d3c1c0af0fe677096dfd70b41a5fd8257fb', '41.142.228.32', 1670754087, 0x5f5f63695f6c6173745f726567656e65726174657c693a313637303735343038373b),
('89b7nqicq07k1jas0jmks0kl40urbl9q', '::1', 1671174675, 0x5f5f63695f6c6173745f726567656e65726174657c693a313637313137343439383b72656469726563745f75726c7c733a35323a22687474703a2f2f6c6f63616c686f73742f6f6e6c696e652f736d617274636c696e69632f646f63756d656e74732f637265617465223b6e616d657c733a353a2261646d696e223b756e6971756569647c733a373a2232303762313333223b6c6f676765725f70686f746f7c733a33363a2236353936666438666535343264386632396133643735326339396139386563662e706e67223b6c6f67676564696e5f69647c733a313a2231223b6c6f67676564696e5f726f6c655f69647c733a313a2231223b6c6f67676564696e5f7573657269647c733a313a2231223b646174655f666f726d61747c733a383a2225592f256d2f2564223b7365745f6c616e677c733a373a22656e676c697368223b6c6f67676564696e7c623a313b),
('8spkclf8slr1sigccajea04t4glselmv', '178.44.192.71', 1669570860, 0x5f5f63695f6c6173745f726567656e65726174657c693a313636393537303836303b),
('91c8e7baa25oj3lfflj3bbkrrt0vh0c7', '::1', 1672230056, 0x5f5f63695f6c6173745f726567656e65726174657c693a313637323233303035363b72656469726563745f75726c7c733a35313a22687474703a2f2f6c6f63616c686f73742f6f6e6c696e652f736d617274636c696e69632f73657276696365732f637265617465223b6e616d657c4e3b756e6971756569647c4e3b6c6f676765725f70686f746f7c4e3b6c6f67676564696e5f69647c733a313a2231223b6c6f67676564696e5f726f6c655f69647c733a313a2231223b6c6f67676564696e5f7573657269647c733a313a2231223b646174655f666f726d61747c733a383a2225592f256d2f2564223b7365745f6c616e677c733a373a22656e676c697368223b6c6f67676564696e7c623a313b616c6572742d6d6573736167652d737563636573737c733a34313a22496e666f726d6174696f6e20486173204265656e2055706461746564205375636365737366756c6c79223b5f5f63695f766172737c613a323a7b733a32313a22616c6572742d6d6573736167652d73756363657373223b733a333a226f6c64223b733a31313a2270726f66696c655f746162223b733a333a226f6c64223b7d70726f66696c655f7461627c693a313b),
('943d476b9f11c947de567b2526d5d38de944c7b2', '37.38.240.174', 1670226945, 0x5f5f63695f6c6173745f726567656e65726174657c693a313637303232363934353b6e616d657c733a353a2261646d696e223b756e6971756569647c733a373a2232303762313333223b6c6f676765725f70686f746f7c733a33363a2236353936666438666535343264386632396133643735326339396139386563662e706e67223b6c6f67676564696e5f69647c733a313a2231223b6c6f67676564696e5f726f6c655f69647c733a313a2231223b6c6f67676564696e5f7573657269647c733a313a2231223b646174655f666f726d61747c733a383a2225592f256d2f2564223b7365745f6c616e677c733a373a22656e676c697368223b6c6f67676564696e7c623a313b),
('987d1ma4s7p04g6cnmcm4id91gubnt8t', '::1', 1672230420, 0x5f5f63695f6c6173745f726567656e65726174657c693a313637323233303430333b72656469726563745f75726c7c733a35313a22687474703a2f2f6c6f63616c686f73742f6f6e6c696e652f736d617274636c696e69632f73657276696365732f637265617465223b6e616d657c4e3b756e6971756569647c4e3b6c6f676765725f70686f746f7c4e3b6c6f67676564696e5f69647c733a313a2231223b6c6f67676564696e5f726f6c655f69647c733a313a2231223b6c6f67676564696e5f7573657269647c733a313a2231223b646174655f666f726d61747c733a383a2225592f256d2f2564223b7365745f6c616e677c733a373a22656e676c697368223b6c6f67676564696e7c623a313b),
('9b7a39d446c7c017041f36a38aba41254812596b', '156.215.191.210', 1670227168, 0x5f5f63695f6c6173745f726567656e65726174657c693a313637303232373136383b6e616d657c733a353a2261646d696e223b756e6971756569647c733a373a2232303762313333223b6c6f676765725f70686f746f7c733a33363a2236353936666438666535343264386632396133643735326339396139386563662e706e67223b6c6f67676564696e5f69647c733a313a2231223b6c6f67676564696e5f726f6c655f69647c733a313a2231223b6c6f67676564696e5f7573657269647c733a313a2231223b646174655f666f726d61747c733a383a2225592f256d2f2564223b7365745f6c616e677c733a373a22656e676c697368223b6c6f67676564696e7c623a313b),
('9bmrc6r9b5ehhf5rm4nf30d6grt7a625', '35.246.65.127', 1669472627, 0x5f5f63695f6c6173745f726567656e65726174657c693a313636393437323632373b),
('9fcd9420b3c0e35fd6f02cd4575a3d0fc550eb2d', '213.255.240.76', 1670133907, 0x5f5f63695f6c6173745f726567656e65726174657c693a313637303133333930373b),
('9g730efs0r3ghh4rumkisf7mnc7dmhtj', '185.254.105.117', 1669258576, 0x5f5f63695f6c6173745f726567656e65726174657c693a313636393235383537363b),
('9jtd8c9t87asulbk5e4f785irhf7vqn3', '::1', 1671114881, 0x5f5f63695f6c6173745f726567656e65726174657c693a313637313131343838313b72656469726563745f75726c7c733a35313a22687474703a2f2f6c6f63616c686f73742f6f6e6c696e652f736d617274636c696e69632f73657276696365732f637265617465223b6e616d657c733a353a2261646d696e223b756e6971756569647c733a373a2232303762313333223b6c6f676765725f70686f746f7c733a33363a2236353936666438666535343264386632396133643735326339396139386563662e706e67223b6c6f67676564696e5f69647c733a313a2231223b6c6f67676564696e5f726f6c655f69647c733a313a2231223b6c6f67676564696e5f7573657269647c733a313a2231223b646174655f666f726d61747c733a383a2225592f256d2f2564223b7365745f6c616e677c733a373a22656e676c697368223b6c6f67676564696e7c623a313b),
('9lvi443vm248osqkk839vavmeq4tj95m', '::1', 1672500195, 0x5f5f63695f6c6173745f726567656e65726174657c693a313637323530303139353b72656469726563745f75726c7c733a35313a22687474703a2f2f6c6f63616c686f73742f6f6e6c696e652f736d617274636c696e69632f73657276696365732f637265617465223b6e616d657c4e3b756e6971756569647c4e3b6c6f676765725f70686f746f7c4e3b6c6f67676564696e5f69647c733a313a2231223b6c6f67676564696e5f726f6c655f69647c733a313a2231223b6c6f67676564696e5f7573657269647c733a313a2231223b646174655f666f726d61747c733a383a2225592f256d2f2564223b7365745f6c616e677c733a373a22656e676c697368223b6c6f67676564696e7c623a313b),
('9oimmk3kv02m7qi6tbg774cbnqmtmohe', '::1', 1672817307, 0x5f5f63695f6c6173745f726567656e65726174657c693a313637323831373330373b72656469726563745f75726c7c733a35313a22687474703a2f2f6c6f63616c686f73742f6f6e6c696e652f736d617274636c696e69632f73657276696365732f637265617465223b6e616d657c4e3b756e6971756569647c4e3b6c6f676765725f70686f746f7c4e3b6c6f67676564696e5f69647c733a313a2231223b6c6f67676564696e5f726f6c655f69647c733a313a2231223b6c6f67676564696e5f7573657269647c733a313a2231223b646174655f666f726d61747c733a383a2225592f256d2f2564223b7365745f6c616e677c733a373a22656e676c697368223b6c6f67676564696e7c623a313b);
INSERT INTO `ci_sessions` (`id`, `ip_address`, `timestamp`, `data`) VALUES
('9olk5eou4u8efuig4h6ej7or9k2qjjqd', '::1', 1672289738, 0x5f5f63695f6c6173745f726567656e65726174657c693a313637323238393731333b72656469726563745f75726c7c733a35313a22687474703a2f2f6c6f63616c686f73742f6f6e6c696e652f736d617274636c696e69632f73657276696365732f637265617465223b6e616d657c4e3b756e6971756569647c4e3b6c6f676765725f70686f746f7c4e3b6c6f67676564696e5f69647c733a313a2231223b6c6f67676564696e5f726f6c655f69647c733a313a2231223b6c6f67676564696e5f7573657269647c733a313a2231223b646174655f666f726d61747c733a383a2225592f256d2f2564223b7365745f6c616e677c733a373a22656e676c697368223b6c6f67676564696e7c623a313b),
('9oqafggmsfkq9avpfu3m21lifo2qb7l6', '::1', 1672724297, 0x5f5f63695f6c6173745f726567656e65726174657c693a313637323732343239373b6e616d657c4e3b756e6971756569647c4e3b6c6f676765725f70686f746f7c4e3b6c6f67676564696e5f69647c733a313a2231223b6c6f67676564696e5f726f6c655f69647c733a313a2231223b6c6f67676564696e5f7573657269647c733a313a2231223b646174655f666f726d61747c733a383a2225592f256d2f2564223b7365745f6c616e677c733a373a22656e676c697368223b6c6f67676564696e7c623a313b),
('a61dd3f599339ebcec086229ab855fe89bd76fb6', '205.169.39.63', 1670628900, 0x5f5f63695f6c6173745f726567656e65726174657c693a313637303632383930303b),
('a698614d4b2a8be65776f53f9f7b2f4fbb10634e', '156.215.191.210', 1670225588, 0x5f5f63695f6c6173745f726567656e65726174657c693a313637303232353538383b6e616d657c733a353a2261646d696e223b756e6971756569647c733a373a2232303762313333223b6c6f676765725f70686f746f7c733a33363a2236353936666438666535343264386632396133643735326339396139386563662e706e67223b6c6f67676564696e5f69647c733a313a2231223b6c6f67676564696e5f726f6c655f69647c733a313a2231223b6c6f67676564696e5f7573657269647c733a313a2231223b646174655f666f726d61747c733a383a2225592f256d2f2564223b7365745f6c616e677c733a373a22656e676c697368223b6c6f67676564696e7c623a313b),
('a6c1bff19e1683be900efc2e999ca61b99c67ccc', '69.165.14.71', 1670134217, 0x5f5f63695f6c6173745f726567656e65726174657c693a313637303133343231373b),
('aehkaphdsqvni381drue54au6ffo6i9t', '35.246.65.127', 1669299827, 0x5f5f63695f6c6173745f726567656e65726174657c693a313636393239393832373b),
('af99of0tjjb3bm3cnglle5pla2gbvur5', '::1', 1670928014, 0x5f5f63695f6c6173745f726567656e65726174657c693a313637303932383031343b6e616d657c733a353a2261646d696e223b756e6971756569647c733a373a2232303762313333223b6c6f676765725f70686f746f7c733a33363a2236353936666438666535343264386632396133643735326339396139386563662e706e67223b6c6f67676564696e5f69647c733a313a2231223b6c6f67676564696e5f726f6c655f69647c733a313a2231223b6c6f67676564696e5f7573657269647c733a313a2231223b646174655f666f726d61747c733a383a2225592f256d2f2564223b7365745f6c616e677c733a373a22656e676c697368223b6c6f67676564696e7c623a313b),
('ak1uosqt3ksnnieiefgucloord8rhftd', '::1', 1672498732, 0x5f5f63695f6c6173745f726567656e65726174657c693a313637323439383733323b72656469726563745f75726c7c733a35313a22687474703a2f2f6c6f63616c686f73742f6f6e6c696e652f736d617274636c696e69632f73657276696365732f637265617465223b6e616d657c4e3b756e6971756569647c4e3b6c6f676765725f70686f746f7c4e3b6c6f67676564696e5f69647c733a313a2231223b6c6f67676564696e5f726f6c655f69647c733a313a2231223b6c6f67676564696e5f7573657269647c733a313a2231223b646174655f666f726d61747c733a383a2225592f256d2f2564223b7365745f6c616e677c733a373a22656e676c697368223b6c6f67676564696e7c623a313b616c6572742d6d6573736167652d737563636573737c733a34313a22496e666f726d6174696f6e20486173204265656e2055706461746564205375636365737366756c6c79223b5f5f63695f766172737c613a313a7b733a32313a22616c6572742d6d6573736167652d73756363657373223b733a333a226f6c64223b7d),
('alelb5rroad2lk1b7hl78uikava71u9j', '::1', 1672904576, 0x5f5f63695f6c6173745f726567656e65726174657c693a313637323930343537363b72656469726563745f75726c7c733a35313a22687474703a2f2f6c6f63616c686f73742f6f6e6c696e652f736d617274636c696e69632f73657276696365732f637265617465223b6e616d657c4e3b756e6971756569647c4e3b6c6f676765725f70686f746f7c4e3b6c6f67676564696e5f69647c733a313a2231223b6c6f67676564696e5f726f6c655f69647c733a313a2231223b6c6f67676564696e5f7573657269647c733a313a2231223b646174655f666f726d61747c733a383a2225592f256d2f2564223b7365745f6c616e677c733a373a22656e676c697368223b6c6f67676564696e7c623a313b),
('aqu96jvt73irme4hfi3kh5raiv4uj052', '45.87.9.237', 1670152436, 0x5f5f63695f6c6173745f726567656e65726174657c693a313637303135323433363b),
('aris56lhko741haot7t9e87mk8hie7f4', '15.229.11.109', 1669957518, 0x5f5f63695f6c6173745f726567656e65726174657c693a313636393935373531383b),
('au2smpr8jdmtj0bpebt0ksg9f1810t86', '45.87.9.124', 1669745737, 0x5f5f63695f6c6173745f726567656e65726174657c693a313636393734353733373b),
('b05ll6vm0gnd30dhhls3v679dc4o93qj', '::1', 1672500836, 0x5f5f63695f6c6173745f726567656e65726174657c693a313637323530303833363b72656469726563745f75726c7c733a35313a22687474703a2f2f6c6f63616c686f73742f6f6e6c696e652f736d617274636c696e69632f73657276696365732f637265617465223b6e616d657c4e3b756e6971756569647c4e3b6c6f676765725f70686f746f7c4e3b6c6f67676564696e5f69647c733a313a2231223b6c6f67676564696e5f726f6c655f69647c733a313a2231223b6c6f67676564696e5f7573657269647c733a313a2231223b646174655f666f726d61747c733a383a2225592f256d2f2564223b7365745f6c616e677c733a373a22656e676c697368223b6c6f67676564696e7c623a313b),
('b2945a0c028df10a109945090792145b23535816', '37.38.240.174', 1670228588, 0x5f5f63695f6c6173745f726567656e65726174657c693a313637303232383538383b6e616d657c733a353a2261646d696e223b756e6971756569647c733a373a2232303762313333223b6c6f676765725f70686f746f7c733a33363a2236353936666438666535343264386632396133643735326339396139386563662e706e67223b6c6f67676564696e5f69647c733a313a2231223b6c6f67676564696e5f726f6c655f69647c733a313a2231223b6c6f67676564696e5f7573657269647c733a313a2231223b646174655f666f726d61747c733a383a2225592f256d2f2564223b7365745f6c616e677c733a373a22656e676c697368223b6c6f67676564696e7c623a313b),
('b2a98957e86d393caa8d3bbffbd06d5e453cf936', '2a02:4780:11:c0de::21', 1670754860, 0x5f5f63695f6c6173745f726567656e65726174657c693a313637303735343836303b),
('b39b7a35cdd4fe9b47a8eec4a433e698ba29961e', '2a02:4780:11:c0de::21', 1670063660, 0x5f5f63695f6c6173745f726567656e65726174657c693a313637303036333636303b),
('b4ifn11tfrj24b9vf29vr7ksa8mja98s', '::1', 1672377925, 0x5f5f63695f6c6173745f726567656e65726174657c693a313637323337373932353b72656469726563745f75726c7c733a35313a22687474703a2f2f6c6f63616c686f73742f6f6e6c696e652f736d617274636c696e69632f73657276696365732f637265617465223b6e616d657c4e3b756e6971756569647c4e3b6c6f676765725f70686f746f7c4e3b6c6f67676564696e5f69647c733a313a2231223b6c6f67676564696e5f726f6c655f69647c733a313a2231223b6c6f67676564696e5f7573657269647c733a313a2231223b646174655f666f726d61747c733a383a2225592f256d2f2564223b7365745f6c616e677c733a373a22656e676c697368223b6c6f67676564696e7c623a313b),
('b4tr78m249gg76djbrrgo0gv9e4r0ftt', '45.87.9.141', 1669622748, 0x5f5f63695f6c6173745f726567656e65726174657c693a313636393632323734383b),
('b6ab2cac034eac2a19f0f27df56b6704175aaa5b', '2a02:4780:11:c0de::21', 1670409260, 0x5f5f63695f6c6173745f726567656e65726174657c693a313637303430393236303b),
('b6d827cf6d239f8e61ac279914de4f981b1623e6', '45.87.9.124', 1670328780, 0x5f5f63695f6c6173745f726567656e65726174657c693a313637303332383738303b),
('b84m0nntingkl6qtp4e9a8ajlj631er2', '::1', 1672592555, 0x5f5f63695f6c6173745f726567656e65726174657c693a313637323539323535353b72656469726563745f75726c7c733a35313a22687474703a2f2f6c6f63616c686f73742f6f6e6c696e652f736d617274636c696e69632f73657276696365732f637265617465223b6e616d657c4e3b756e6971756569647c4e3b6c6f676765725f70686f746f7c4e3b6c6f67676564696e5f69647c733a313a2231223b6c6f67676564696e5f726f6c655f69647c733a313a2231223b6c6f67676564696e5f7573657269647c733a313a2231223b646174655f666f726d61747c733a383a2225592f256d2f2564223b7365745f6c616e677c733a373a22656e676c697368223b6c6f67676564696e7c623a313b),
('ba116bdf92355d338d01701f0c46954dc0f1a7d6', '45.87.9.143', 1670382972, 0x5f5f63695f6c6173745f726567656e65726174657c693a313637303338323937323b),
('bddb301e3c8d72ac25244caa7877ccf7f0809a5f', '41.239.133.78', 1670500813, 0x5f5f63695f6c6173745f726567656e65726174657c693a313637303530303739333b6e616d657c733a353a2261646d696e223b756e6971756569647c733a373a2232303762313333223b6c6f676765725f70686f746f7c733a33363a2236353936666438666535343264386632396133643735326339396139386563662e706e67223b6c6f67676564696e5f69647c733a313a2231223b6c6f67676564696e5f726f6c655f69647c733a313a2231223b6c6f67676564696e5f7573657269647c733a313a2231223b646174655f666f726d61747c733a383a2225592f256d2f2564223b7365745f6c616e677c733a373a22656e676c697368223b6c6f67676564696e7c623a313b),
('be9505167c95b6377c176555e7acaa047b1d52da', '37.37.186.29', 1670766620, 0x5f5f63695f6c6173745f726567656e65726174657c693a313637303736363632303b72656469726563745f75726c7c733a34383a2268747470733a2f2f736d617274636c696e69632e736d6172747461726765746b77742e6e65742f64617368626f617264223b6e616d657c733a353a2261646d696e223b756e6971756569647c733a373a2232303762313333223b6c6f676765725f70686f746f7c733a33363a2236353936666438666535343264386632396133643735326339396139386563662e706e67223b6c6f67676564696e5f69647c733a313a2231223b6c6f67676564696e5f726f6c655f69647c733a313a2231223b6c6f67676564696e5f7573657269647c733a313a2231223b646174655f666f726d61747c733a383a2225592f256d2f2564223b7365745f6c616e677c733a373a22656e676c697368223b6c6f67676564696e7c623a313b),
('bi2cbo0vprr85410cspr8goearm2vnm4', '127.0.0.1', 1672585440, 0x5f5f63695f6c6173745f726567656e65726174657c693a313637323538353434303b72656469726563745f75726c7c733a35313a22687474703a2f2f6c6f63616c686f73742f6f6e6c696e652f736d617274636c696e69632f73657276696365732f637265617465223b6e616d657c4e3b756e6971756569647c4e3b6c6f676765725f70686f746f7c4e3b6c6f67676564696e5f69647c733a313a2231223b6c6f67676564696e5f726f6c655f69647c733a313a2231223b6c6f67676564696e5f7573657269647c733a313a2231223b646174655f666f726d61747c733a383a2225592f256d2f2564223b7365745f6c616e677c733a373a22656e676c697368223b6c6f67676564696e7c623a313b),
('bi611nurt9778kemi8pkgadbp2sn0l2q', '::1', 1672723841, 0x5f5f63695f6c6173745f726567656e65726174657c693a313637323732333834313b6e616d657c4e3b756e6971756569647c4e3b6c6f676765725f70686f746f7c4e3b6c6f67676564696e5f69647c733a313a2231223b6c6f67676564696e5f726f6c655f69647c733a313a2231223b6c6f67676564696e5f7573657269647c733a313a2231223b646174655f666f726d61747c733a383a2225592f256d2f2564223b7365745f6c616e677c733a373a22656e676c697368223b6c6f67676564696e7c623a313b),
('bnkff7gii2l4r8qv9ibdargf4s3bo863', '2a02:4780:11:c0de::21', 1669718060, 0x5f5f63695f6c6173745f726567656e65726174657c693a313636393731383036303b),
('bo64p53lrj4gq8gi8ahlmabjhk1kbbkn', '::1', 1672633399, 0x5f5f63695f6c6173745f726567656e65726174657c693a313637323633333339393b72656469726563745f75726c7c733a35313a22687474703a2f2f6c6f63616c686f73742f6f6e6c696e652f736d617274636c696e69632f73657276696365732f637265617465223b6e616d657c4e3b756e6971756569647c4e3b6c6f676765725f70686f746f7c4e3b6c6f67676564696e5f69647c733a313a2231223b6c6f67676564696e5f726f6c655f69647c733a313a2231223b6c6f67676564696e5f7573657269647c733a313a2231223b646174655f666f726d61747c733a383a2225592f256d2f2564223b7365745f6c616e677c733a373a22656e676c697368223b6c6f67676564696e7c623a313b),
('bv1i59chja0929brb2j37rb0hkhso2pk', '::1', 1672387433, 0x5f5f63695f6c6173745f726567656e65726174657c693a313637323338373231323b72656469726563745f75726c7c733a35313a22687474703a2f2f6c6f63616c686f73742f6f6e6c696e652f736d617274636c696e69632f73657276696365732f637265617465223b6e616d657c4e3b756e6971756569647c4e3b6c6f676765725f70686f746f7c4e3b6c6f67676564696e5f69647c733a313a2231223b6c6f67676564696e5f726f6c655f69647c733a313a2231223b6c6f67676564696e5f7573657269647c733a313a2231223b646174655f666f726d61747c733a383a2225592f256d2f2564223b7365745f6c616e677c733a373a22656e676c697368223b6c6f67676564696e7c623a313b),
('bv9fo1k4g5n1ndahd5irgliljd6eveov', '2a02:4780:11:c0de::21', 1669631660, 0x5f5f63695f6c6173745f726567656e65726174657c693a313636393633313636303b),
('c1695f5de75726c280ccac092c946da2d79222e2', '37.37.186.29', 1670757077, 0x5f5f63695f6c6173745f726567656e65726174657c693a313637303735373037373b6e616d657c733a353a2261646d696e223b756e6971756569647c733a373a2232303762313333223b6c6f676765725f70686f746f7c733a33363a2236353936666438666535343264386632396133643735326339396139386563662e706e67223b6c6f67676564696e5f69647c733a313a2231223b6c6f67676564696e5f726f6c655f69647c733a313a2231223b6c6f67676564696e5f7573657269647c733a313a2231223b646174655f666f726d61747c733a383a2225592f256d2f2564223b7365745f6c616e677c733a373a22656e676c697368223b6c6f67676564696e7c623a313b),
('c176ekir7b4rsdjn4rqjsbntblu1ko9a', '::1', 1672289713, 0x5f5f63695f6c6173745f726567656e65726174657c693a313637323238393731333b72656469726563745f75726c7c733a35313a22687474703a2f2f6c6f63616c686f73742f6f6e6c696e652f736d617274636c696e69632f73657276696365732f637265617465223b6e616d657c4e3b756e6971756569647c4e3b6c6f676765725f70686f746f7c4e3b6c6f67676564696e5f69647c733a313a2231223b6c6f67676564696e5f726f6c655f69647c733a313a2231223b6c6f67676564696e5f7573657269647c733a313a2231223b646174655f666f726d61747c733a383a2225592f256d2f2564223b7365745f6c616e677c733a373a22656e676c697368223b6c6f67676564696e7c623a313b),
('c1esnofnfc3mh264k1muhaqcpvvf5h1r', '::1', 1671252352, 0x5f5f63695f6c6173745f726567656e65726174657c693a313637313235323331323b72656469726563745f75726c7c733a35313a22687474703a2f2f6c6f63616c686f73742f6f6e6c696e652f736d617274636c696e69632f73657276696365732f637265617465223b6e616d657c733a353a2261646d696e223b756e6971756569647c733a373a2232303762313333223b6c6f676765725f70686f746f7c733a33363a2236353936666438666535343264386632396133643735326339396139386563662e706e67223b6c6f67676564696e5f69647c733a313a2231223b6c6f67676564696e5f726f6c655f69647c733a313a2231223b6c6f67676564696e5f7573657269647c733a313a2231223b646174655f666f726d61747c733a383a2225592f256d2f2564223b7365745f6c616e677c733a373a22656e676c697368223b6c6f67676564696e7c623a313b),
('c30557c553ea3c84d7b5873a54b915abf14d9754', '41.239.133.78', 1670178232, 0x5f5f63695f6c6173745f726567656e65726174657c693a313637303137383233323b),
('c3cbdc34ccde9091d8d2d9e122c36a54eb2c1e48', '37.37.186.29', 1670756714, 0x5f5f63695f6c6173745f726567656e65726174657c693a313637303735363731343b6e616d657c733a353a2261646d696e223b756e6971756569647c733a373a2232303762313333223b6c6f676765725f70686f746f7c733a33363a2236353936666438666535343264386632396133643735326339396139386563662e706e67223b6c6f67676564696e5f69647c733a313a2231223b6c6f67676564696e5f726f6c655f69647c733a313a2231223b6c6f67676564696e5f7573657269647c733a313a2231223b646174655f666f726d61747c733a383a2225592f256d2f2564223b7365745f6c616e677c733a373a22656e676c697368223b6c6f67676564696e7c623a313b),
('c4220b9e228e96c6ddeb0fc7df3f77a4353c86ca', '180.149.4.186', 1670566935, 0x5f5f63695f6c6173745f726567656e65726174657c693a313637303536363933353b),
('c42c1013e999c2f2633ac0791586e6a733cb90af', '41.239.133.78', 1670497544, 0x5f5f63695f6c6173745f726567656e65726174657c693a313637303439373534343b),
('c758edc94bcc8dfe879fbc82013a78dc79ead4dd', '37.38.240.174', 1670227992, 0x5f5f63695f6c6173745f726567656e65726174657c693a313637303232373939323b6e616d657c733a353a2261646d696e223b756e6971756569647c733a373a2232303762313333223b6c6f676765725f70686f746f7c733a33363a2236353936666438666535343264386632396133643735326339396139386563662e706e67223b6c6f67676564696e5f69647c733a313a2231223b6c6f67676564696e5f726f6c655f69647c733a313a2231223b6c6f67676564696e5f7573657269647c733a313a2231223b646174655f666f726d61747c733a383a2225592f256d2f2564223b7365745f6c616e677c733a373a22656e676c697368223b6c6f67676564696e7c623a313b),
('c824e279bd7a4da48222791002b94e05600f440a', '37.38.240.174', 1670227634, 0x5f5f63695f6c6173745f726567656e65726174657c693a313637303232373633343b6e616d657c733a353a2261646d696e223b756e6971756569647c733a373a2232303762313333223b6c6f676765725f70686f746f7c733a33363a2236353936666438666535343264386632396133643735326339396139386563662e706e67223b6c6f67676564696e5f69647c733a313a2231223b6c6f67676564696e5f726f6c655f69647c733a313a2231223b6c6f67676564696e5f7573657269647c733a313a2231223b646174655f666f726d61747c733a383a2225592f256d2f2564223b7365745f6c616e677c733a373a22656e676c697368223b6c6f67676564696e7c623a313b),
('c93d6bc2c1bd5316e22013c94f4ef8ded82511c0', '45.87.9.124', 1670270909, 0x5f5f63695f6c6173745f726567656e65726174657c693a313637303237303930393b),
('ca7b6e5f3f1807f18eab456a189e07a2c09e5436', '156.215.191.210', 1670233329, 0x5f5f63695f6c6173745f726567656e65726174657c693a313637303233333332393b6e616d657c733a353a2261646d696e223b756e6971756569647c733a373a2232303762313333223b6c6f676765725f70686f746f7c733a33363a2236353936666438666535343264386632396133643735326339396139386563662e706e67223b6c6f67676564696e5f69647c733a313a2231223b6c6f67676564696e5f726f6c655f69647c733a313a2231223b6c6f67676564696e5f7573657269647c733a313a2231223b646174655f666f726d61747c733a383a2225592f256d2f2564223b7365745f6c616e677c733a373a22656e676c697368223b6c6f67676564696e7c623a313b),
('cagna4ms84qmgh4cafvmoo2r13h9h5hc', '::1', 1671252312, 0x5f5f63695f6c6173745f726567656e65726174657c693a313637313235323331323b72656469726563745f75726c7c733a35313a22687474703a2f2f6c6f63616c686f73742f6f6e6c696e652f736d617274636c696e69632f73657276696365732f637265617465223b6e616d657c733a353a2261646d696e223b756e6971756569647c733a373a2232303762313333223b6c6f676765725f70686f746f7c733a33363a2236353936666438666535343264386632396133643735326339396139386563662e706e67223b6c6f67676564696e5f69647c733a313a2231223b6c6f67676564696e5f726f6c655f69647c733a313a2231223b6c6f67676564696e5f7573657269647c733a313a2231223b646174655f666f726d61747c733a383a2225592f256d2f2564223b7365745f6c616e677c733a373a22656e676c697368223b6c6f67676564696e7c623a313b),
('ccovgbcvi3tndiug5o1m27ocfnpjnbq6', '::1', 1670997394, 0x5f5f63695f6c6173745f726567656e65726174657c693a313637303939373339343b72656469726563745f75726c7c733a35313a22687474703a2f2f6c6f63616c686f73742f6f6e6c696e652f736d617274636c696e69632f73657276696365732f637265617465223b6e616d657c733a353a2261646d696e223b756e6971756569647c733a373a2232303762313333223b6c6f676765725f70686f746f7c733a33363a2236353936666438666535343264386632396133643735326339396139386563662e706e67223b6c6f67676564696e5f69647c733a313a2231223b6c6f67676564696e5f726f6c655f69647c733a313a2231223b6c6f67676564696e5f7573657269647c733a313a2231223b646174655f666f726d61747c733a383a2225592f256d2f2564223b7365745f6c616e677c733a373a22656e676c697368223b6c6f67676564696e7c623a313b),
('ceggs7bi5a6v6toekdeq9k0c1jgu7sk2', '45.87.9.30', 1669785396, 0x5f5f63695f6c6173745f726567656e65726174657c693a313636393738353339353b),
('cen9f3b4qctpjahce5vmcomisptjhhal', '45.87.9.109', 1669490068, 0x5f5f63695f6c6173745f726567656e65726174657c693a313636393439303036373b),
('cffsdkdch2i4kum1f443jgt0ogvls46l', '::1', 1672499307, 0x5f5f63695f6c6173745f726567656e65726174657c693a313637323439393330373b72656469726563745f75726c7c733a35313a22687474703a2f2f6c6f63616c686f73742f6f6e6c696e652f736d617274636c696e69632f73657276696365732f637265617465223b6e616d657c4e3b756e6971756569647c4e3b6c6f676765725f70686f746f7c4e3b6c6f67676564696e5f69647c733a313a2231223b6c6f67676564696e5f726f6c655f69647c733a313a2231223b6c6f67676564696e5f7573657269647c733a313a2231223b646174655f666f726d61747c733a383a2225592f256d2f2564223b7365745f6c616e677c733a373a22656e676c697368223b6c6f67676564696e7c623a313b),
('cl0tkmh5tirvkgg572sjkatrcg3niq1l', '::1', 1671115514, 0x5f5f63695f6c6173745f726567656e65726174657c693a313637313131353239383b72656469726563745f75726c7c733a35313a22687474703a2f2f6c6f63616c686f73742f6f6e6c696e652f736d617274636c696e69632f73657276696365732f637265617465223b6e616d657c733a353a2261646d696e223b756e6971756569647c733a373a2232303762313333223b6c6f676765725f70686f746f7c733a33363a2236353936666438666535343264386632396133643735326339396139386563662e706e67223b6c6f67676564696e5f69647c733a313a2231223b6c6f67676564696e5f726f6c655f69647c733a313a2231223b6c6f67676564696e5f7573657269647c733a313a2231223b646174655f666f726d61747c733a383a2225592f256d2f2564223b7365745f6c616e677c733a373a22656e676c697368223b6c6f67676564696e7c623a313b),
('d32b2b2d26e1b0476879009ed13e5defcdddc0ff', '37.37.186.29', 1670756329, 0x5f5f63695f6c6173745f726567656e65726174657c693a313637303735363332393b6e616d657c733a353a2261646d696e223b756e6971756569647c733a373a2232303762313333223b6c6f676765725f70686f746f7c733a33363a2236353936666438666535343264386632396133643735326339396139386563662e706e67223b6c6f67676564696e5f69647c733a313a2231223b6c6f67676564696e5f726f6c655f69647c733a313a2231223b6c6f67676564696e5f7573657269647c733a313a2231223b646174655f666f726d61747c733a383a2225592f256d2f2564223b7365745f6c616e677c733a373a22656e676c697368223b6c6f67676564696e7c623a313b),
('d97bb486d4c7cf2862152ba66fcccdd1e341f711', '18.228.224.7', 1670213679, 0x5f5f63695f6c6173745f726567656e65726174657c693a313637303231333637393b),
('dbb924309aebe3651b04da2eba526fbc7b45cc54', '18.231.130.196', 1670490273, 0x5f5f63695f6c6173745f726567656e65726174657c693a313637303439303237333b),
('dff2426040885398b034f4aab6bc7cefd3a6e50a', '37.37.186.29', 1670836956, 0x5f5f63695f6c6173745f726567656e65726174657c693a313637303833363935363b72656469726563745f75726c7c733a34383a2268747470733a2f2f736d617274636c696e69632e736d6172747461726765746b77742e6e65742f64617368626f617264223b6e616d657c733a353a2261646d696e223b756e6971756569647c733a373a2232303762313333223b6c6f676765725f70686f746f7c733a33363a2236353936666438666535343264386632396133643735326339396139386563662e706e67223b6c6f67676564696e5f69647c733a313a2231223b6c6f67676564696e5f726f6c655f69647c733a313a2231223b6c6f67676564696e5f7573657269647c733a313a2231223b646174655f666f726d61747c733a383a2225592f256d2f2564223b7365745f6c616e677c733a373a22656e676c697368223b6c6f67676564696e7c623a313b),
('dikc43dqu88acfim189626js21tkg04q', '35.246.65.127', 1669559027, 0x5f5f63695f6c6173745f726567656e65726174657c693a313636393535393032373b),
('dm2hrr90sdbu9395tcg17qd2bqamqj49', '::1', 1670941800, 0x5f5f63695f6c6173745f726567656e65726174657c693a313637303934313830303b6e616d657c733a353a2261646d696e223b756e6971756569647c733a373a2232303762313333223b6c6f676765725f70686f746f7c733a33363a2236353936666438666535343264386632396133643735326339396139386563662e706e67223b6c6f67676564696e5f69647c733a313a2231223b6c6f67676564696e5f726f6c655f69647c733a313a2231223b6c6f67676564696e5f7573657269647c733a313a2231223b646174655f666f726d61747c733a383a2225592f256d2f2564223b7365745f6c616e677c733a373a22656e676c697368223b6c6f67676564696e7c623a313b),
('dnppl7hn2r99g3b6d84bcfb8sar43ujk', '197.32.82.4', 1669227296, 0x5f5f63695f6c6173745f726567656e65726174657c693a313636393232373239363b),
('dq35dar4h5pa9pn84atvq9duifbklri3', '::1', 1671114545, 0x5f5f63695f6c6173745f726567656e65726174657c693a313637313131343534353b72656469726563745f75726c7c733a35313a22687474703a2f2f6c6f63616c686f73742f6f6e6c696e652f736d617274636c696e69632f73657276696365732f637265617465223b6e616d657c733a353a2261646d696e223b756e6971756569647c733a373a2232303762313333223b6c6f676765725f70686f746f7c733a33363a2236353936666438666535343264386632396133643735326339396139386563662e706e67223b6c6f67676564696e5f69647c733a313a2231223b6c6f67676564696e5f726f6c655f69647c733a313a2231223b6c6f67676564696e5f7573657269647c733a313a2231223b646174655f666f726d61747c733a383a2225592f256d2f2564223b7365745f6c616e677c733a373a22656e676c697368223b6c6f67676564696e7c623a313b),
('e125218ed3e080234967eefd2e58f0d83b5be8eb', '37.37.186.29', 1670767060, 0x5f5f63695f6c6173745f726567656e65726174657c693a313637303736373036303b72656469726563745f75726c7c733a34383a2268747470733a2f2f736d617274636c696e69632e736d6172747461726765746b77742e6e65742f64617368626f617264223b6e616d657c733a353a2261646d696e223b756e6971756569647c733a373a2232303762313333223b6c6f676765725f70686f746f7c733a33363a2236353936666438666535343264386632396133643735326339396139386563662e706e67223b6c6f67676564696e5f69647c733a313a2231223b6c6f67676564696e5f726f6c655f69647c733a313a2231223b6c6f67676564696e5f7573657269647c733a313a2231223b646174655f666f726d61747c733a383a2225592f256d2f2564223b7365745f6c616e677c733a373a22656e676c697368223b6c6f67676564696e7c623a313b),
('e1363673e763310b1ed9bc787af71e6c9f5199e3', '37.37.186.29', 1670756028, 0x5f5f63695f6c6173745f726567656e65726174657c693a313637303735363032383b6e616d657c733a353a2261646d696e223b756e6971756569647c733a373a2232303762313333223b6c6f676765725f70686f746f7c733a33363a2236353936666438666535343264386632396133643735326339396139386563662e706e67223b6c6f67676564696e5f69647c733a313a2231223b6c6f67676564696e5f726f6c655f69647c733a313a2231223b6c6f67676564696e5f7573657269647c733a313a2231223b646174655f666f726d61747c733a383a2225592f256d2f2564223b7365745f6c616e677c733a373a22656e676c697368223b6c6f67676564696e7c623a313b),
('e3atd08sc89as5fi3e98o47qi86s9q0s', '::1', 1672484537, 0x5f5f63695f6c6173745f726567656e65726174657c693a313637323438343533373b72656469726563745f75726c7c733a35313a22687474703a2f2f6c6f63616c686f73742f6f6e6c696e652f736d617274636c696e69632f73657276696365732f637265617465223b6e616d657c4e3b756e6971756569647c4e3b6c6f676765725f70686f746f7c4e3b6c6f67676564696e5f69647c733a313a2231223b6c6f67676564696e5f726f6c655f69647c733a313a2231223b6c6f67676564696e5f7573657269647c733a313a2231223b646174655f666f726d61747c733a383a2225592f256d2f2564223b7365745f6c616e677c733a373a22656e676c697368223b6c6f67676564696e7c623a313b),
('e41fbp9qo1j3am3bcnvvtbq9eaoqc6s5', '93.119.227.19', 1669240712, 0x5f5f63695f6c6173745f726567656e65726174657c693a313636393234303731323b),
('e4clej1u9l4slo1d6sm20rdhc9qehur2', '::1', 1672288605, 0x5f5f63695f6c6173745f726567656e65726174657c693a313637323238383630353b72656469726563745f75726c7c733a35313a22687474703a2f2f6c6f63616c686f73742f6f6e6c696e652f736d617274636c696e69632f73657276696365732f637265617465223b6e616d657c4e3b756e6971756569647c4e3b6c6f676765725f70686f746f7c4e3b6c6f67676564696e5f69647c733a313a2231223b6c6f67676564696e5f726f6c655f69647c733a313a2231223b6c6f67676564696e5f7573657269647c733a313a2231223b646174655f666f726d61747c733a383a2225592f256d2f2564223b7365745f6c616e677c733a373a22656e676c697368223b6c6f67676564696e7c623a313b),
('e8716mc4qompca1iu2fmo4esj5b5ral9', '::1', 1672375869, 0x5f5f63695f6c6173745f726567656e65726174657c693a313637323337353836393b72656469726563745f75726c7c733a35313a22687474703a2f2f6c6f63616c686f73742f6f6e6c696e652f736d617274636c696e69632f73657276696365732f637265617465223b6e616d657c4e3b756e6971756569647c4e3b6c6f676765725f70686f746f7c4e3b6c6f67676564696e5f69647c733a313a2231223b6c6f67676564696e5f726f6c655f69647c733a313a2231223b6c6f67676564696e5f7573657269647c733a313a2231223b646174655f666f726d61747c733a383a2225592f256d2f2564223b7365745f6c616e677c733a373a22656e676c697368223b6c6f67676564696e7c623a313b),
('eb750mvp3iejuuh2p6bp8p73vj7fs95a', '::1', 1672820036, 0x5f5f63695f6c6173745f726567656e65726174657c693a313637323832303033363b72656469726563745f75726c7c733a35313a22687474703a2f2f6c6f63616c686f73742f6f6e6c696e652f736d617274636c696e69632f73657276696365732f637265617465223b6e616d657c4e3b756e6971756569647c4e3b6c6f676765725f70686f746f7c4e3b6c6f67676564696e5f69647c733a313a2231223b6c6f67676564696e5f726f6c655f69647c733a313a2231223b6c6f67676564696e5f7573657269647c733a313a2231223b646174655f666f726d61747c733a383a2225592f256d2f2564223b7365745f6c616e677c733a373a22656e676c697368223b6c6f67676564696e7c623a313b),
('efdf86efc6413f798ac3d636d1bc953c13a1b143', '41.142.228.32', 1670752797, 0x5f5f63695f6c6173745f726567656e65726174657c693a313637303735323739373b),
('effa72f47a8fac1f0736dda2fa354d9c6e362633', '37.38.240.174', 1670224113, 0x5f5f63695f6c6173745f726567656e65726174657c693a313637303232343131333b6e616d657c733a353a2261646d696e223b756e6971756569647c733a373a2232303762313333223b6c6f676765725f70686f746f7c733a33363a2236353936666438666535343264386632396133643735326339396139386563662e706e67223b6c6f67676564696e5f69647c733a313a2231223b6c6f67676564696e5f726f6c655f69647c733a313a2231223b6c6f67676564696e5f7573657269647c733a313a2231223b646174655f666f726d61747c733a383a2225592f256d2f2564223b7365745f6c616e677c733a373a22656e676c697368223b6c6f67676564696e7c623a313b),
('eu069e9ol6dnhdffmij3g8o2rqr3q8hp', '::1', 1672157829, 0x5f5f63695f6c6173745f726567656e65726174657c693a313637323135373634353b6e616d657c733a353a2261646d696e223b756e6971756569647c733a373a2232303762313333223b6c6f676765725f70686f746f7c733a33363a2236353936666438666535343264386632396133643735326339396139386563662e706e67223b6c6f67676564696e5f69647c733a313a2231223b6c6f67676564696e5f726f6c655f69647c733a313a2231223b6c6f67676564696e5f7573657269647c733a313a2231223b646174655f666f726d61747c733a383a2225592f256d2f2564223b7365745f6c616e677c733a373a22656e676c697368223b6c6f67676564696e7c623a313b),
('f0eb22168f02dc4b7a79371424e0d6d7da1b11df', '156.215.191.210', 1670225263, 0x5f5f63695f6c6173745f726567656e65726174657c693a313637303232353236333b6e616d657c733a353a2261646d696e223b756e6971756569647c733a373a2232303762313333223b6c6f676765725f70686f746f7c733a33363a2236353936666438666535343264386632396133643735326339396139386563662e706e67223b6c6f67676564696e5f69647c733a313a2231223b6c6f67676564696e5f726f6c655f69647c733a313a2231223b6c6f67676564696e5f7573657269647c733a313a2231223b646174655f666f726d61747c733a383a2225592f256d2f2564223b7365745f6c616e677c733a373a22656e676c697368223b6c6f67676564696e7c623a313b),
('f11020b03b92aef67878a6bad07b21e7a3588298', '2a02:4780:11:c0de::21', 1670668460, 0x5f5f63695f6c6173745f726567656e65726174657c693a313637303636383436303b),
('f1l9ho2bluq7ovfglm7f44711sm71u8h', '::1', 1671249932, 0x5f5f63695f6c6173745f726567656e65726174657c693a313637313234393933323b72656469726563745f75726c7c733a35313a22687474703a2f2f6c6f63616c686f73742f6f6e6c696e652f736d617274636c696e69632f73657276696365732f637265617465223b),
('f3376ee41eb2e1d363c4e52563066db203e0685b', '37.38.240.174', 1670226571, 0x5f5f63695f6c6173745f726567656e65726174657c693a313637303232363537313b6e616d657c733a353a2261646d696e223b756e6971756569647c733a373a2232303762313333223b6c6f676765725f70686f746f7c733a33363a2236353936666438666535343264386632396133643735326339396139386563662e706e67223b6c6f67676564696e5f69647c733a313a2231223b6c6f67676564696e5f726f6c655f69647c733a313a2231223b6c6f67676564696e5f7573657269647c733a313a2231223b646174655f666f726d61747c733a383a2225592f256d2f2564223b7365745f6c616e677c733a373a22656e676c697368223b6c6f67676564696e7c623a313b),
('f41909dbac5b1395926fb32796bd91738584407c', '37.38.240.174', 1670224845, 0x5f5f63695f6c6173745f726567656e65726174657c693a313637303232343834353b6e616d657c733a353a2261646d696e223b756e6971756569647c733a373a2232303762313333223b6c6f676765725f70686f746f7c733a33363a2236353936666438666535343264386632396133643735326339396139386563662e706e67223b6c6f67676564696e5f69647c733a313a2231223b6c6f67676564696e5f726f6c655f69647c733a313a2231223b6c6f67676564696e5f7573657269647c733a313a2231223b646174655f666f726d61747c733a383a2225592f256d2f2564223b7365745f6c616e677c733a373a22656e676c697368223b6c6f67676564696e7c623a313b),
('f4191996024a671e14d057396d744c8decf065df', '2a02:4780:11:c0de::21', 1670150060, 0x5f5f63695f6c6173745f726567656e65726174657c693a313637303135303036303b),
('f48f03742dcb125602139abd410c7edec0dea222', '156.215.191.210', 1670153645, 0x5f5f63695f6c6173745f726567656e65726174657c693a313637303135333634353b),
('f5nlm0v31skd9h9k13cadhmu5pr7euvd', '::1', 1672501005, 0x5f5f63695f6c6173745f726567656e65726174657c693a313637323530303833363b72656469726563745f75726c7c733a35313a22687474703a2f2f6c6f63616c686f73742f6f6e6c696e652f736d617274636c696e69632f73657276696365732f637265617465223b6e616d657c4e3b756e6971756569647c4e3b6c6f676765725f70686f746f7c4e3b6c6f67676564696e5f69647c733a313a2231223b6c6f67676564696e5f726f6c655f69647c733a313a2231223b6c6f67676564696e5f7573657269647c733a313a2231223b646174655f666f726d61747c733a383a2225592f256d2f2564223b7365745f6c616e677c733a373a22656e676c697368223b6c6f67676564696e7c623a313b),
('f6c500d90fabf4ca20678c99838aff43410f9955', '15.228.217.253', 1670087528, 0x5f5f63695f6c6173745f726567656e65726174657c693a313637303038373532383b),
('f79apq1cohrh7o9b45dqkpnlqb66d5pc', '::1', 1671083702, 0x5f5f63695f6c6173745f726567656e65726174657c693a313637313038333730323b72656469726563745f75726c7c733a35313a22687474703a2f2f6c6f63616c686f73742f6f6e6c696e652f736d617274636c696e69632f73657276696365732f637265617465223b6e616d657c733a353a2261646d696e223b756e6971756569647c733a373a2232303762313333223b6c6f676765725f70686f746f7c733a33363a2236353936666438666535343264386632396133643735326339396139386563662e706e67223b6c6f67676564696e5f69647c733a313a2231223b6c6f67676564696e5f726f6c655f69647c733a313a2231223b6c6f67676564696e5f7573657269647c733a313a2231223b646174655f666f726d61747c733a383a2225592f256d2f2564223b7365745f6c616e677c733a373a22656e676c697368223b6c6f67676564696e7c623a313b),
('f8u6o7ajeleuuqgaqglca27f2n435uq7', '2a02:4780:11:c0de::21', 1669545260, 0x5f5f63695f6c6173745f726567656e65726174657c693a313636393534353236303b),
('f9f4f2b3f25bfe4886bd5bcd2d8d957e9c0fce04', '2a02:4780:11:c0de::21', 1670841260, 0x5f5f63695f6c6173745f726567656e65726174657c693a313637303834313236303b),
('f9fja1n69siignmonrec190bc0q75s7o', '41.45.32.179', 1669462188, 0x5f5f63695f6c6173745f726567656e65726174657c693a313636393436323138383b6e616d657c733a353a2261646d696e223b756e6971756569647c733a373a2232303762313333223b6c6f676765725f70686f746f7c733a33363a2236353936666438666535343264386632396133643735326339396139386563662e706e67223b6c6f67676564696e5f69647c733a313a2231223b6c6f67676564696e5f726f6c655f69647c733a313a2231223b6c6f67676564696e5f7573657269647c733a313a2231223b646174655f666f726d61747c733a383a2225592f256d2f2564223b7365745f6c616e677c733a373a22656e676c697368223b6c6f67676564696e7c623a313b),
('fb0a923a3aab8ac78b8aa73c3f6d204f9d2c76f1', '37.38.240.174', 1670222523, 0x5f5f63695f6c6173745f726567656e65726174657c693a313637303232323439343b6e616d657c733a353a2261646d696e223b756e6971756569647c733a373a2232303762313333223b6c6f676765725f70686f746f7c733a33363a2236353936666438666535343264386632396133643735326339396139386563662e706e67223b6c6f67676564696e5f69647c733a313a2231223b6c6f67676564696e5f726f6c655f69647c733a313a2231223b6c6f67676564696e5f7573657269647c733a313a2231223b646174655f666f726d61747c733a383a2225592f256d2f2564223b7365745f6c616e677c733a373a22656e676c697368223b6c6f67676564696e7c623a313b),
('fd982062d1bbb6a571002d296919f881e535adb6', '37.37.186.29', 1670755558, 0x5f5f63695f6c6173745f726567656e65726174657c693a313637303735353535383b6e616d657c733a353a2261646d696e223b756e6971756569647c733a373a2232303762313333223b6c6f676765725f70686f746f7c733a33363a2236353936666438666535343264386632396133643735326339396139386563662e706e67223b6c6f67676564696e5f69647c733a313a2231223b6c6f67676564696e5f726f6c655f69647c733a313a2231223b6c6f67676564696e5f7573657269647c733a313a2231223b646174655f666f726d61747c733a383a2225592f256d2f2564223b7365745f6c616e677c733a373a22656e676c697368223b6c6f67676564696e7c623a313b),
('fe79ea40245b9f0d22840b7c038d45a4c0a58772', '41.239.133.78', 1670497948, 0x5f5f63695f6c6173745f726567656e65726174657c693a313637303439373934383b),
('fovrropq1lvb8ldagfk8kc0d15t1v8ji', '::1', 1672378321, 0x5f5f63695f6c6173745f726567656e65726174657c693a313637323337383332313b72656469726563745f75726c7c733a35313a22687474703a2f2f6c6f63616c686f73742f6f6e6c696e652f736d617274636c696e69632f73657276696365732f637265617465223b6e616d657c4e3b756e6971756569647c4e3b6c6f676765725f70686f746f7c4e3b6c6f67676564696e5f69647c733a313a2231223b6c6f67676564696e5f726f6c655f69647c733a313a2231223b6c6f67676564696e5f7573657269647c733a313a2231223b646174655f666f726d61747c733a383a2225592f256d2f2564223b7365745f6c616e677c733a373a22656e676c697368223b6c6f67676564696e7c623a313b),
('fpruu4c0mt7vq1kpvqj833d121g5389j', '::1', 1672820949, 0x5f5f63695f6c6173745f726567656e65726174657c693a313637323832303934393b72656469726563745f75726c7c733a35313a22687474703a2f2f6c6f63616c686f73742f6f6e6c696e652f736d617274636c696e69632f73657276696365732f637265617465223b6e616d657c4e3b756e6971756569647c4e3b6c6f676765725f70686f746f7c4e3b6c6f67676564696e5f69647c733a313a2231223b6c6f67676564696e5f726f6c655f69647c733a313a2231223b6c6f67676564696e5f7573657269647c733a313a2231223b646174655f666f726d61747c733a383a2225592f256d2f2564223b7365745f6c616e677c733a373a22656e676c697368223b6c6f67676564696e7c623a313b),
('fr6bk31811fikptptse4kq8b6k90pl85', '::1', 1670996320, 0x5f5f63695f6c6173745f726567656e65726174657c693a313637303939363332303b72656469726563745f75726c7c733a35313a22687474703a2f2f6c6f63616c686f73742f6f6e6c696e652f736d617274636c696e69632f73657276696365732f637265617465223b6e616d657c733a353a2261646d696e223b756e6971756569647c733a373a2232303762313333223b6c6f676765725f70686f746f7c733a33363a2236353936666438666535343264386632396133643735326339396139386563662e706e67223b6c6f67676564696e5f69647c733a313a2231223b6c6f67676564696e5f726f6c655f69647c733a313a2231223b6c6f67676564696e5f7573657269647c733a313a2231223b646174655f666f726d61747c733a383a2225592f256d2f2564223b7365745f6c616e677c733a373a22656e676c697368223b6c6f67676564696e7c623a313b),
('g2m73v7a5or9ihi696obf9pl64d44toa', '::1', 1672387211, 0x5f5f63695f6c6173745f726567656e65726174657c693a313637323338373231313b72656469726563745f75726c7c733a35313a22687474703a2f2f6c6f63616c686f73742f6f6e6c696e652f736d617274636c696e69632f73657276696365732f637265617465223b),
('g43js7dhdmb7gl8t1fr95hhgjrk2kkg9', '::1', 1670942112, 0x5f5f63695f6c6173745f726567656e65726174657c693a313637303934323131323b6e616d657c733a353a2261646d696e223b756e6971756569647c733a373a2232303762313333223b6c6f676765725f70686f746f7c733a33363a2236353936666438666535343264386632396133643735326339396139386563662e706e67223b6c6f67676564696e5f69647c733a313a2231223b6c6f67676564696e5f726f6c655f69647c733a313a2231223b6c6f67676564696e5f7573657269647c733a313a2231223b646174655f666f726d61747c733a383a2225592f256d2f2564223b7365745f6c616e677c733a373a22656e676c697368223b6c6f67676564696e7c623a313b),
('gchusqikahh94tqamrviqv9rrk6s86le', '::1', 1671080299, 0x5f5f63695f6c6173745f726567656e65726174657c693a313637313038303239393b72656469726563745f75726c7c733a35313a22687474703a2f2f6c6f63616c686f73742f6f6e6c696e652f736d617274636c696e69632f73657276696365732f637265617465223b6e616d657c733a353a2261646d696e223b756e6971756569647c733a373a2232303762313333223b6c6f676765725f70686f746f7c733a33363a2236353936666438666535343264386632396133643735326339396139386563662e706e67223b6c6f67676564696e5f69647c733a313a2231223b6c6f67676564696e5f726f6c655f69647c733a313a2231223b6c6f67676564696e5f7573657269647c733a313a2231223b646174655f666f726d61747c733a383a2225592f256d2f2564223b7365745f6c616e677c733a373a22656e676c697368223b6c6f67676564696e7c623a313b),
('gedqpg2ep5edh33rq972sofrrcsmeija', '45.87.9.156', 1669388811, 0x5f5f63695f6c6173745f726567656e65726174657c693a313636393338383831313b),
('gemtgkce2u0pit5psh16cau18frvbnir', '45.87.9.254', 1669705529, 0x5f5f63695f6c6173745f726567656e65726174657c693a313636393730353532393b),
('gl7rfsvltt272em73cnkr0nqbaf7m2ho', '::1', 1672586797, 0x5f5f63695f6c6173745f726567656e65726174657c693a313637323538363739373b72656469726563745f75726c7c733a35313a22687474703a2f2f6c6f63616c686f73742f6f6e6c696e652f736d617274636c696e69632f73657276696365732f637265617465223b6e616d657c4e3b756e6971756569647c4e3b6c6f676765725f70686f746f7c4e3b6c6f67676564696e5f69647c733a313a2231223b6c6f67676564696e5f726f6c655f69647c733a313a2231223b6c6f67676564696e5f7573657269647c733a313a2231223b646174655f666f726d61747c733a383a2225592f256d2f2564223b7365745f6c616e677c733a373a22656e676c697368223b6c6f67676564696e7c623a313b),
('go4v4ie0ila4li2hits0ilm16peuqcev', '::1', 1672728834, 0x5f5f63695f6c6173745f726567656e65726174657c693a313637323732383833343b6e616d657c4e3b756e6971756569647c4e3b6c6f676765725f70686f746f7c4e3b6c6f67676564696e5f69647c733a313a2231223b6c6f67676564696e5f726f6c655f69647c733a313a2231223b6c6f67676564696e5f7573657269647c733a313a2231223b646174655f666f726d61747c733a383a2225592f256d2f2564223b7365745f6c616e677c733a373a22656e676c697368223b6c6f67676564696e7c623a313b),
('gvi7u0ais9gk83fhdrn47rfd2ioq2b2t', '::1', 1672585745, 0x5f5f63695f6c6173745f726567656e65726174657c693a313637323538353734353b72656469726563745f75726c7c733a35313a22687474703a2f2f6c6f63616c686f73742f6f6e6c696e652f736d617274636c696e69632f73657276696365732f637265617465223b6e616d657c4e3b756e6971756569647c4e3b6c6f676765725f70686f746f7c4e3b6c6f67676564696e5f69647c733a313a2231223b6c6f67676564696e5f726f6c655f69647c733a313a2231223b6c6f67676564696e5f7573657269647c733a313a2231223b646174655f666f726d61747c733a383a2225592f256d2f2564223b7365745f6c616e677c733a373a22656e676c697368223b6c6f67676564696e7c623a313b),
('h3pva6fda5k4vau07q4f6op927rhbrct', '::1', 1672592253, 0x5f5f63695f6c6173745f726567656e65726174657c693a313637323539323235333b72656469726563745f75726c7c733a35313a22687474703a2f2f6c6f63616c686f73742f6f6e6c696e652f736d617274636c696e69632f73657276696365732f637265617465223b6e616d657c4e3b756e6971756569647c4e3b6c6f676765725f70686f746f7c4e3b6c6f67676564696e5f69647c733a313a2231223b6c6f67676564696e5f726f6c655f69647c733a313a2231223b6c6f67676564696e5f7573657269647c733a313a2231223b646174655f666f726d61747c733a383a2225592f256d2f2564223b7365745f6c616e677c733a373a22656e676c697368223b6c6f67676564696e7c623a313b),
('h6coustcdortspg2munc9sn6lso3bu83', '::1', 1672725176, 0x5f5f63695f6c6173745f726567656e65726174657c693a313637323732353137363b6e616d657c4e3b756e6971756569647c4e3b6c6f676765725f70686f746f7c4e3b6c6f67676564696e5f69647c733a313a2231223b6c6f67676564696e5f726f6c655f69647c733a313a2231223b6c6f67676564696e5f7573657269647c733a313a2231223b646174655f666f726d61747c733a383a2225592f256d2f2564223b7365745f6c616e677c733a373a22656e676c697368223b6c6f67676564696e7c623a313b),
('ha78gsduj60m0bg27hv0h3kapq93rbeo', '::1', 1672592568, 0x5f5f63695f6c6173745f726567656e65726174657c693a313637323539323535353b72656469726563745f75726c7c733a35313a22687474703a2f2f6c6f63616c686f73742f6f6e6c696e652f736d617274636c696e69632f73657276696365732f637265617465223b6e616d657c4e3b756e6971756569647c4e3b6c6f676765725f70686f746f7c4e3b6c6f67676564696e5f69647c733a313a2231223b6c6f67676564696e5f726f6c655f69647c733a313a2231223b6c6f67676564696e5f7573657269647c733a313a2231223b646174655f666f726d61747c733a383a2225592f256d2f2564223b7365745f6c616e677c733a373a22656e676c697368223b6c6f67676564696e7c623a313b),
('hd2i3odahohdsp3jq9glgh8omqm8l1fm', '2a02:4780:11:c0de::21', 1669458860, 0x5f5f63695f6c6173745f726567656e65726174657c693a313636393435383836303b),
('hqu23k87mnh9koekn440njsg7kasn1tf', '::1', 1672992120, 0x5f5f63695f6c6173745f726567656e65726174657c693a313637323939313834373b6e616d657c4e3b756e6971756569647c4e3b6c6f676765725f70686f746f7c4e3b6c6f67676564696e5f69647c733a313a2231223b6c6f67676564696e5f726f6c655f69647c733a313a2231223b6c6f67676564696e5f7573657269647c733a313a2231223b646174655f666f726d61747c733a383a2225592f256d2f2564223b7365745f6c616e677c733a373a22656e676c697368223b6c6f67676564696e7c623a313b616c6572742d6d6573736167652d737563636573737c733a33393a22496e666f726d6174696f6e20486173204265656e205361766564205375636365737366756c6c79223b5f5f63695f766172737c613a313a7b733a32313a22616c6572742d6d6573736167652d73756363657373223b733a333a226f6c64223b7d),
('hs2tug9mltvujrffda2oqasttlekhlod', '::1', 1670940708, 0x5f5f63695f6c6173745f726567656e65726174657c693a313637303934303730383b6e616d657c733a353a2261646d696e223b756e6971756569647c733a373a2232303762313333223b6c6f676765725f70686f746f7c733a33363a2236353936666438666535343264386632396133643735326339396139386563662e706e67223b6c6f67676564696e5f69647c733a313a2231223b6c6f67676564696e5f726f6c655f69647c733a313a2231223b6c6f67676564696e5f7573657269647c733a313a2231223b646174655f666f726d61747c733a383a2225592f256d2f2564223b7365745f6c616e677c733a373a22656e676c697368223b6c6f67676564696e7c623a313b),
('i2hcl7ki4f5vb8d5hb9jjg6k4eu247er', '::1', 1672991501, 0x5f5f63695f6c6173745f726567656e65726174657c693a313637323939313530313b6e616d657c4e3b756e6971756569647c4e3b6c6f676765725f70686f746f7c4e3b6c6f67676564696e5f69647c733a313a2231223b6c6f67676564696e5f726f6c655f69647c733a313a2231223b6c6f67676564696e5f7573657269647c733a313a2231223b646174655f666f726d61747c733a383a2225592f256d2f2564223b7365745f6c616e677c733a373a22656e676c697368223b6c6f67676564696e7c623a313b),
('ihhhhmlbkeg4d8g5qgbensba762igj78', '::1', 1672288949, 0x5f5f63695f6c6173745f726567656e65726174657c693a313637323238383934393b72656469726563745f75726c7c733a35313a22687474703a2f2f6c6f63616c686f73742f6f6e6c696e652f736d617274636c696e69632f73657276696365732f637265617465223b6e616d657c4e3b756e6971756569647c4e3b6c6f676765725f70686f746f7c4e3b6c6f67676564696e5f69647c733a313a2231223b6c6f67676564696e5f726f6c655f69647c733a313a2231223b6c6f67676564696e5f7573657269647c733a313a2231223b646174655f666f726d61747c733a383a2225592f256d2f2564223b7365745f6c616e677c733a373a22656e676c697368223b6c6f67676564696e7c623a313b),
('ipieh0b3rhrntt35ah4k55ghp6s39lk2', '::1', 1672156220, 0x5f5f63695f6c6173745f726567656e65726174657c693a313637323135363232303b6e616d657c733a353a2261646d696e223b756e6971756569647c733a373a2232303762313333223b6c6f676765725f70686f746f7c733a33363a2236353936666438666535343264386632396133643735326339396139386563662e706e67223b6c6f67676564696e5f69647c733a313a2231223b6c6f67676564696e5f726f6c655f69647c733a313a2231223b6c6f67676564696e5f7573657269647c733a313a2231223b646174655f666f726d61747c733a383a2225592f256d2f2564223b7365745f6c616e677c733a373a22656e676c697368223b6c6f67676564696e7c623a313b),
('iqacd0rctaeoob77d20eq80id92mbr0n', '45.87.9.252', 1669666534, 0x5f5f63695f6c6173745f726567656e65726174657c693a313636393636363533343b),
('j0v0rf4844iaf6ucot95c8732ifk3riu', '156.215.192.87', 1669570397, 0x5f5f63695f6c6173745f726567656e65726174657c693a313636393537303339373b),
('j11ijp4vaun2g4afg3p7u3vui3n8813c', '::1', 1672818654, 0x5f5f63695f6c6173745f726567656e65726174657c693a313637323831383635343b72656469726563745f75726c7c733a35313a22687474703a2f2f6c6f63616c686f73742f6f6e6c696e652f736d617274636c696e69632f73657276696365732f637265617465223b6e616d657c4e3b756e6971756569647c4e3b6c6f676765725f70686f746f7c4e3b6c6f67676564696e5f69647c733a313a2231223b6c6f67676564696e5f726f6c655f69647c733a313a2231223b6c6f67676564696e5f7573657269647c733a313a2231223b646174655f666f726d61747c733a383a2225592f256d2f2564223b7365745f6c616e677c733a373a22656e676c697368223b6c6f67676564696e7c623a313b),
('j3hikhbngj40m1451rir0h0oa1khntmh', '45.87.9.222', 1669439540, 0x5f5f63695f6c6173745f726567656e65726174657c693a313636393433393534303b),
('j620qmd68suuo7if28cfqn1s5c83d17l', '::1', 1672375552, 0x5f5f63695f6c6173745f726567656e65726174657c693a313637323337353535323b72656469726563745f75726c7c733a35313a22687474703a2f2f6c6f63616c686f73742f6f6e6c696e652f736d617274636c696e69632f73657276696365732f637265617465223b6e616d657c4e3b756e6971756569647c4e3b6c6f676765725f70686f746f7c4e3b6c6f67676564696e5f69647c733a313a2231223b6c6f67676564696e5f726f6c655f69647c733a313a2231223b6c6f67676564696e5f7573657269647c733a313a2231223b646174655f666f726d61747c733a383a2225592f256d2f2564223b7365745f6c616e677c733a373a22656e676c697368223b6c6f67676564696e7c623a313b616c6572742d6d6573736167652d737563636573737c733a34313a22496e666f726d6174696f6e20486173204265656e2055706461746564205375636365737366756c6c79223b5f5f63695f766172737c613a313a7b733a32313a22616c6572742d6d6573736167652d73756363657373223b733a333a226f6c64223b7d),
('jb0suqpc8epsj7f53mf7aavfiqsmrlga', '::1', 1672156954, 0x5f5f63695f6c6173745f726567656e65726174657c693a313637323135363935343b6e616d657c733a353a2261646d696e223b756e6971756569647c733a373a2232303762313333223b6c6f676765725f70686f746f7c733a33363a2236353936666438666535343264386632396133643735326339396139386563662e706e67223b6c6f67676564696e5f69647c733a313a2231223b6c6f67676564696e5f726f6c655f69647c733a313a2231223b6c6f67676564696e5f7573657269647c733a313a2231223b646174655f666f726d61747c733a383a2225592f256d2f2564223b7365745f6c616e677c733a373a22656e676c697368223b6c6f67676564696e7c623a313b616c6572742d6d6573736167652d737563636573737c733a33393a22496e666f726d6174696f6e20486173204265656e205361766564205375636365737366756c6c79223b5f5f63695f766172737c613a313a7b733a32313a22616c6572742d6d6573736167652d73756363657373223b733a333a226f6c64223b7d),
('jggklfl7hplb02idhi47bsnb53a9p5ko', '::1', 1670943189, 0x5f5f63695f6c6173745f726567656e65726174657c693a313637303934333138393b6e616d657c733a353a2261646d696e223b756e6971756569647c733a373a2232303762313333223b6c6f676765725f70686f746f7c733a33363a2236353936666438666535343264386632396133643735326339396139386563662e706e67223b6c6f67676564696e5f69647c733a313a2231223b6c6f67676564696e5f726f6c655f69647c733a313a2231223b6c6f67676564696e5f7573657269647c733a313a2231223b646174655f666f726d61747c733a383a2225592f256d2f2564223b7365745f6c616e677c733a373a22656e676c697368223b6c6f67676564696e7c623a313b),
('k8ufh5gfg25tchvj1ntech4m9qq8tvvu', '2a02:4780:11:c0de::21', 1669890860, 0x5f5f63695f6c6173745f726567656e65726174657c693a313636393839303836303b),
('ke0jafb855scphae5tnu5fiho9sqs32n', '::1', 1672587269, 0x5f5f63695f6c6173745f726567656e65726174657c693a313637323538373236393b72656469726563745f75726c7c733a35313a22687474703a2f2f6c6f63616c686f73742f6f6e6c696e652f736d617274636c696e69632f73657276696365732f637265617465223b6e616d657c4e3b756e6971756569647c4e3b6c6f676765725f70686f746f7c4e3b6c6f67676564696e5f69647c733a313a2231223b6c6f67676564696e5f726f6c655f69647c733a313a2231223b6c6f67676564696e5f7573657269647c733a313a2231223b646174655f666f726d61747c733a383a2225592f256d2f2564223b7365745f6c616e677c733a373a22656e676c697368223b6c6f67676564696e7c623a313b),
('kkbmbed1an3b05d75m56s41kgvmlh9co', '::1', 1671250903, 0x5f5f63695f6c6173745f726567656e65726174657c693a313637313235303930333b72656469726563745f75726c7c733a35313a22687474703a2f2f6c6f63616c686f73742f6f6e6c696e652f736d617274636c696e69632f73657276696365732f637265617465223b6e616d657c733a353a2261646d696e223b756e6971756569647c733a373a2232303762313333223b6c6f676765725f70686f746f7c733a33363a2236353936666438666535343264386632396133643735326339396139386563662e706e67223b6c6f67676564696e5f69647c733a313a2231223b6c6f67676564696e5f726f6c655f69647c733a313a2231223b6c6f67676564696e5f7573657269647c733a313a2231223b646174655f666f726d61747c733a383a2225592f256d2f2564223b7365745f6c616e677c733a373a22656e676c697368223b6c6f67676564696e7c623a313b),
('kqmt1v6m21aepsqdoftmepl8hih3as4t', '::1', 1672634469, 0x5f5f63695f6c6173745f726567656e65726174657c693a313637323633343436393b72656469726563745f75726c7c733a35313a22687474703a2f2f6c6f63616c686f73742f6f6e6c696e652f736d617274636c696e69632f73657276696365732f637265617465223b6e616d657c4e3b756e6971756569647c4e3b6c6f676765725f70686f746f7c4e3b6c6f67676564696e5f69647c733a313a2231223b6c6f67676564696e5f726f6c655f69647c733a313a2231223b6c6f67676564696e5f7573657269647c733a313a2231223b646174655f666f726d61747c733a383a2225592f256d2f2564223b7365745f6c616e677c733a373a22656e676c697368223b6c6f67676564696e7c623a313b);
INSERT INTO `ci_sessions` (`id`, `ip_address`, `timestamp`, `data`) VALUES
('krcag9bmsuu93m7atkt4uj6j5b001s1o', '::1', 1671081404, 0x5f5f63695f6c6173745f726567656e65726174657c693a313637313038313430343b72656469726563745f75726c7c733a35313a22687474703a2f2f6c6f63616c686f73742f6f6e6c696e652f736d617274636c696e69632f73657276696365732f637265617465223b6e616d657c733a353a2261646d696e223b756e6971756569647c733a373a2232303762313333223b6c6f676765725f70686f746f7c733a33363a2236353936666438666535343264386632396133643735326339396139386563662e706e67223b6c6f67676564696e5f69647c733a313a2231223b6c6f67676564696e5f726f6c655f69647c733a313a2231223b6c6f67676564696e5f7573657269647c733a313a2231223b646174655f666f726d61747c733a383a2225592f256d2f2564223b7365745f6c616e677c733a373a22656e676c697368223b6c6f67676564696e7c623a313b),
('kul5g4jihpj74j04sh0v639fnajtbh4p', '2a02:4780:11:c0de::21', 1669977260, 0x5f5f63695f6c6173745f726567656e65726174657c693a313636393937373236303b),
('kvc60fshifbp9t0ped63gai60mk5ni0t', '45.87.9.45', 1670025841, 0x5f5f63695f6c6173745f726567656e65726174657c693a313637303032353834303b),
('lgg3v3o8g8vrc1jkcr6lado4ugu5hvk1', '::1', 1672229053, 0x5f5f63695f6c6173745f726567656e65726174657c693a313637323232393035333b72656469726563745f75726c7c733a35313a22687474703a2f2f6c6f63616c686f73742f6f6e6c696e652f736d617274636c696e69632f73657276696365732f637265617465223b6e616d657c4e3b756e6971756569647c4e3b6c6f676765725f70686f746f7c4e3b6c6f67676564696e5f69647c733a313a2231223b6c6f67676564696e5f726f6c655f69647c733a313a2231223b6c6f67676564696e5f7573657269647c733a313a2231223b646174655f666f726d61747c733a383a2225592f256d2f2564223b7365745f6c616e677c733a373a22656e676c697368223b6c6f67676564696e7c623a313b),
('litsj8fvgg45rdhv612tfrc6pelaqukh', '::1', 1670940381, 0x5f5f63695f6c6173745f726567656e65726174657c693a313637303934303338313b6e616d657c733a353a2261646d696e223b756e6971756569647c733a373a2232303762313333223b6c6f676765725f70686f746f7c733a33363a2236353936666438666535343264386632396133643735326339396139386563662e706e67223b6c6f67676564696e5f69647c733a313a2231223b6c6f67676564696e5f726f6c655f69647c733a313a2231223b6c6f67676564696e5f7573657269647c733a313a2231223b646174655f666f726d61747c733a383a2225592f256d2f2564223b7365745f6c616e677c733a373a22656e676c697368223b6c6f67676564696e7c623a313b),
('lj3bu44t5c8u3u2fo2rcoh3ueiungal5', '45.87.9.30', 1669824259, 0x5f5f63695f6c6173745f726567656e65726174657c693a313636393832343235393b),
('ln16r4dbiq36uqne4dif52ps2q1mp3qa', '45.87.9.207', 1669579992, 0x5f5f63695f6c6173745f726567656e65726174657c693a313636393537393939323b),
('lq5t326hbf5f75aml9ljo4rjq91f15kp', '::1', 1672461275, 0x5f5f63695f6c6173745f726567656e65726174657c693a313637323436313237343b72656469726563745f75726c7c733a35313a22687474703a2f2f6c6f63616c686f73742f6f6e6c696e652f736d617274636c696e69632f73657276696365732f637265617465223b6e616d657c4e3b756e6971756569647c4e3b6c6f676765725f70686f746f7c4e3b6c6f67676564696e5f69647c733a313a2231223b6c6f67676564696e5f726f6c655f69647c733a313a2231223b6c6f67676564696e5f7573657269647c733a313a2231223b646174655f666f726d61747c733a383a2225592f256d2f2564223b7365745f6c616e677c733a373a22656e676c697368223b6c6f67676564696e7c623a313b),
('lr91i8kvcv9osj0sbblpougjkej8f1m3', '::1', 1672820949, 0x5f5f63695f6c6173745f726567656e65726174657c693a313637323832303934393b72656469726563745f75726c7c733a35313a22687474703a2f2f6c6f63616c686f73742f6f6e6c696e652f736d617274636c696e69632f73657276696365732f637265617465223b6e616d657c4e3b756e6971756569647c4e3b6c6f676765725f70686f746f7c4e3b6c6f67676564696e5f69647c733a313a2231223b6c6f67676564696e5f726f6c655f69647c733a313a2231223b6c6f67676564696e5f7573657269647c733a313a2231223b646174655f666f726d61747c733a383a2225592f256d2f2564223b7365745f6c616e677c733a373a22656e676c697368223b6c6f67676564696e7c623a313b616c6572742d6d6573736167652d737563636573737c733a33393a22496e666f726d6174696f6e20486173204265656e205361766564205375636365737366756c6c79223b5f5f63695f766172737c613a313a7b733a32313a22616c6572742d6d6573736167652d73756363657373223b733a333a226f6c64223b7d),
('lt0u60i4l4vekc9tdfige6m0csmgdlpr', '::1', 1672724690, 0x5f5f63695f6c6173745f726567656e65726174657c693a313637323732343639303b6e616d657c4e3b756e6971756569647c4e3b6c6f676765725f70686f746f7c4e3b6c6f67676564696e5f69647c733a313a2231223b6c6f67676564696e5f726f6c655f69647c733a313a2231223b6c6f67676564696e5f7573657269647c733a313a2231223b646174655f666f726d61747c733a383a2225592f256d2f2564223b7365745f6c616e677c733a373a22656e676c697368223b6c6f67676564696e7c623a313b),
('lv7mlhv0eoe1lrmd26sdsdvobfcgkt62', '::1', 1671079559, 0x5f5f63695f6c6173745f726567656e65726174657c693a313637313037393535393b72656469726563745f75726c7c733a35313a22687474703a2f2f6c6f63616c686f73742f6f6e6c696e652f736d617274636c696e69632f73657276696365732f637265617465223b6e616d657c733a353a2261646d696e223b756e6971756569647c733a373a2232303762313333223b6c6f676765725f70686f746f7c733a33363a2236353936666438666535343264386632396133643735326339396139386563662e706e67223b6c6f67676564696e5f69647c733a313a2231223b6c6f67676564696e5f726f6c655f69647c733a313a2231223b6c6f67676564696e5f7573657269647c733a313a2231223b646174655f666f726d61747c733a383a2225592f256d2f2564223b7365745f6c616e677c733a373a22656e676c697368223b6c6f67676564696e7c623a313b),
('m09bml8nhrij6mhalro6mualgie5gv2c', '::1', 1672632719, 0x5f5f63695f6c6173745f726567656e65726174657c693a313637323633323731393b72656469726563745f75726c7c733a35313a22687474703a2f2f6c6f63616c686f73742f6f6e6c696e652f736d617274636c696e69632f73657276696365732f637265617465223b6e616d657c4e3b756e6971756569647c4e3b6c6f676765725f70686f746f7c4e3b6c6f67676564696e5f69647c733a313a2231223b6c6f67676564696e5f726f6c655f69647c733a313a2231223b6c6f67676564696e5f7573657269647c733a313a2231223b646174655f666f726d61747c733a383a2225592f256d2f2564223b7365745f6c616e677c733a373a22656e676c697368223b6c6f67676564696e7c623a313b),
('m5npm6hqtep303n1cc25kkabc9hog1b6', '45.87.9.111', 1669291688, 0x5f5f63695f6c6173745f726567656e65726174657c693a313636393239313638383b),
('me11o4ngfv87rgjhfuf4cvpruc5gaih4', '::1', 1672723536, 0x5f5f63695f6c6173745f726567656e65726174657c693a313637323732333533363b6e616d657c4e3b756e6971756569647c4e3b6c6f676765725f70686f746f7c4e3b6c6f67676564696e5f69647c733a313a2231223b6c6f67676564696e5f726f6c655f69647c733a313a2231223b6c6f67676564696e5f7573657269647c733a313a2231223b646174655f666f726d61747c733a383a2225592f256d2f2564223b7365745f6c616e677c733a373a22656e676c697368223b6c6f67676564696e7c623a313b),
('n2filsodglka07knair5toepbub65dda', '::1', 1671082744, 0x5f5f63695f6c6173745f726567656e65726174657c693a313637313038323734343b72656469726563745f75726c7c733a35313a22687474703a2f2f6c6f63616c686f73742f6f6e6c696e652f736d617274636c696e69632f73657276696365732f637265617465223b6e616d657c733a353a2261646d696e223b756e6971756569647c733a373a2232303762313333223b6c6f676765725f70686f746f7c733a33363a2236353936666438666535343264386632396133643735326339396139386563662e706e67223b6c6f67676564696e5f69647c733a313a2231223b6c6f67676564696e5f726f6c655f69647c733a313a2231223b6c6f67676564696e5f7573657269647c733a313a2231223b646174655f666f726d61747c733a383a2225592f256d2f2564223b7365745f6c616e677c733a373a22656e676c697368223b6c6f67676564696e7c623a313b),
('n2jjbiomqst745guslcug2cibgm0svo5', '::1', 1672157262, 0x5f5f63695f6c6173745f726567656e65726174657c693a313637323135373236323b6e616d657c733a353a2261646d696e223b756e6971756569647c733a373a2232303762313333223b6c6f676765725f70686f746f7c733a33363a2236353936666438666535343264386632396133643735326339396139386563662e706e67223b6c6f67676564696e5f69647c733a313a2231223b6c6f67676564696e5f726f6c655f69647c733a313a2231223b6c6f67676564696e5f7573657269647c733a313a2231223b646174655f666f726d61747c733a383a2225592f256d2f2564223b7365745f6c616e677c733a373a22656e676c697368223b6c6f67676564696e7c623a313b616c6572742d6d6573736167652d737563636573737c733a33393a22496e666f726d6174696f6e20486173204265656e205361766564205375636365737366756c6c79223b5f5f63695f766172737c613a313a7b733a32313a22616c6572742d6d6573736167652d73756363657373223b733a333a226f6c64223b7d),
('nn05mhjfjlfgm423m4pf7ph0irha1tan', '37.38.240.174', 1669623452, 0x5f5f63695f6c6173745f726567656e65726174657c693a313636393632333431363b6e616d657c733a353a2261646d696e223b756e6971756569647c733a373a2232303762313333223b6c6f676765725f70686f746f7c733a33363a2236353936666438666535343264386632396133643735326339396139386563662e706e67223b6c6f67676564696e5f69647c733a313a2231223b6c6f67676564696e5f726f6c655f69647c733a313a2231223b6c6f67676564696e5f7573657269647c733a313a2231223b646174655f666f726d61747c733a383a2225592f256d2f2564223b7365745f6c616e677c733a373a22656e676c697368223b6c6f67676564696e7c623a313b),
('o34g6g179h445u20kmg4potq4ad6k716', '::1', 1671250595, 0x5f5f63695f6c6173745f726567656e65726174657c693a313637313235303539353b72656469726563745f75726c7c733a35313a22687474703a2f2f6c6f63616c686f73742f6f6e6c696e652f736d617274636c696e69632f73657276696365732f637265617465223b6e616d657c733a353a2261646d696e223b756e6971756569647c733a373a2232303762313333223b6c6f676765725f70686f746f7c733a33363a2236353936666438666535343264386632396133643735326339396139386563662e706e67223b6c6f67676564696e5f69647c733a313a2231223b6c6f67676564696e5f726f6c655f69647c733a313a2231223b6c6f67676564696e5f7573657269647c733a313a2231223b646174655f666f726d61747c733a383a2225592f256d2f2564223b7365745f6c616e677c733a373a22656e676c697368223b6c6f67676564696e7c623a313b),
('oalouviu0sd781i1ct1k2ppelu12f6sf', '2a02:4780:11:c0de::21', 1669372460, 0x5f5f63695f6c6173745f726567656e65726174657c693a313636393337323436303b),
('oat4d3ia7povdmhbbgmp91f78h7k017e', '35.246.65.127', 1669386227, 0x5f5f63695f6c6173745f726567656e65726174657c693a313636393338363232373b),
('op4uvuk8rh0iut9m264ku7u5f8ong808', '::1', 1672586129, 0x5f5f63695f6c6173745f726567656e65726174657c693a313637323538363132393b72656469726563745f75726c7c733a35313a22687474703a2f2f6c6f63616c686f73742f6f6e6c696e652f736d617274636c696e69632f73657276696365732f637265617465223b6e616d657c4e3b756e6971756569647c4e3b6c6f676765725f70686f746f7c4e3b6c6f67676564696e5f69647c733a313a2231223b6c6f67676564696e5f726f6c655f69647c733a313a2231223b6c6f67676564696e5f7573657269647c733a313a2231223b646174655f666f726d61747c733a383a2225592f256d2f2564223b7365745f6c616e677c733a373a22656e676c697368223b6c6f67676564696e7c623a313b),
('oqfev6q24eev8qvjq17n2t2nl24rl6fa', '::1', 1671079988, 0x5f5f63695f6c6173745f726567656e65726174657c693a313637313037393938383b72656469726563745f75726c7c733a35313a22687474703a2f2f6c6f63616c686f73742f6f6e6c696e652f736d617274636c696e69632f73657276696365732f637265617465223b6e616d657c733a353a2261646d696e223b756e6971756569647c733a373a2232303762313333223b6c6f676765725f70686f746f7c733a33363a2236353936666438666535343264386632396133643735326339396139386563662e706e67223b6c6f67676564696e5f69647c733a313a2231223b6c6f67676564696e5f726f6c655f69647c733a313a2231223b6c6f67676564696e5f7573657269647c733a313a2231223b646174655f666f726d61747c733a383a2225592f256d2f2564223b7365745f6c616e677c733a373a22656e676c697368223b6c6f67676564696e7c623a313b),
('p84ck25894adtpjaq235qhq1q5sgl9pp', '::1', 1670928014, 0x5f5f63695f6c6173745f726567656e65726174657c693a313637303932383031343b6e616d657c733a353a2261646d696e223b756e6971756569647c733a373a2232303762313333223b6c6f676765725f70686f746f7c733a33363a2236353936666438666535343264386632396133643735326339396139386563662e706e67223b6c6f67676564696e5f69647c733a313a2231223b6c6f67676564696e5f726f6c655f69647c733a313a2231223b6c6f67676564696e5f7573657269647c733a313a2231223b646174655f666f726d61747c733a383a2225592f256d2f2564223b7365745f6c616e677c733a373a22656e676c697368223b6c6f67676564696e7c623a313b),
('pa1lo20fll1qbrratiin3m4r5dk74l97', '::1', 1672376978, 0x5f5f63695f6c6173745f726567656e65726174657c693a313637323337363937383b72656469726563745f75726c7c733a35313a22687474703a2f2f6c6f63616c686f73742f6f6e6c696e652f736d617274636c696e69632f73657276696365732f637265617465223b6e616d657c4e3b756e6971756569647c4e3b6c6f676765725f70686f746f7c4e3b6c6f67676564696e5f69647c733a313a2231223b6c6f67676564696e5f726f6c655f69647c733a313a2231223b6c6f67676564696e5f7573657269647c733a313a2231223b646174655f666f726d61747c733a383a2225592f256d2f2564223b7365745f6c616e677c733a373a22656e676c697368223b6c6f67676564696e7c623a313b),
('pck5t5um7l7039ujbjt6s14msq40hh4o', '::1', 1672635136, 0x5f5f63695f6c6173745f726567656e65726174657c693a313637323633353133363b72656469726563745f75726c7c733a35313a22687474703a2f2f6c6f63616c686f73742f6f6e6c696e652f736d617274636c696e69632f73657276696365732f637265617465223b6e616d657c4e3b756e6971756569647c4e3b6c6f676765725f70686f746f7c4e3b6c6f67676564696e5f69647c733a313a2231223b6c6f67676564696e5f726f6c655f69647c733a313a2231223b6c6f67676564696e5f7573657269647c733a313a2231223b646174655f666f726d61747c733a383a2225592f256d2f2564223b7365745f6c616e677c733a373a22656e676c697368223b6c6f67676564696e7c623a313b),
('pqspoe5fvd2lvjv12am3ik7lv6jt8kcd', '::1', 1671084987, 0x5f5f63695f6c6173745f726567656e65726174657c693a313637313038343938373b72656469726563745f75726c7c733a35313a22687474703a2f2f6c6f63616c686f73742f6f6e6c696e652f736d617274636c696e69632f73657276696365732f637265617465223b6e616d657c733a353a2261646d696e223b756e6971756569647c733a373a2232303762313333223b6c6f676765725f70686f746f7c733a33363a2236353936666438666535343264386632396133643735326339396139386563662e706e67223b6c6f67676564696e5f69647c733a313a2231223b6c6f67676564696e5f726f6c655f69647c733a313a2231223b6c6f67676564696e5f7573657269647c733a313a2231223b646174655f666f726d61747c733a383a2225592f256d2f2564223b7365745f6c616e677c733a373a22656e676c697368223b6c6f67676564696e7c623a313b616c6572742d6d6573736167652d737563636573737c733a33393a22496e666f726d6174696f6e20486173204265656e205361766564205375636365737366756c6c79223b5f5f63695f766172737c613a313a7b733a32313a22616c6572742d6d6573736167652d73756363657373223b733a333a226f6c64223b7d),
('pshe4vrqjpo7p29mhrflo8391t5qf2mk', '156.215.208.110', 1669539790, 0x5f5f63695f6c6173745f726567656e65726174657c693a313636393533393733313b6e616d657c733a353a2261646d696e223b756e6971756569647c733a373a2232303762313333223b6c6f676765725f70686f746f7c733a33363a2236353936666438666535343264386632396133643735326339396139386563662e706e67223b6c6f67676564696e5f69647c733a313a2231223b6c6f67676564696e5f726f6c655f69647c733a313a2231223b6c6f67676564696e5f7573657269647c733a313a2231223b646174655f666f726d61747c733a383a2225592f256d2f2564223b7365745f6c616e677c733a373a22656e676c697368223b6c6f67676564696e7c623a313b),
('ptnjh875jnmfom35j1qvov5db6egd8vs', '::1', 1670942828, 0x5f5f63695f6c6173745f726567656e65726174657c693a313637303934323832383b6e616d657c733a353a2261646d696e223b756e6971756569647c733a373a2232303762313333223b6c6f676765725f70686f746f7c733a33363a2236353936666438666535343264386632396133643735326339396139386563662e706e67223b6c6f67676564696e5f69647c733a313a2231223b6c6f67676564696e5f726f6c655f69647c733a313a2231223b6c6f67676564696e5f7573657269647c733a313a2231223b646174655f666f726d61747c733a383a2225592f256d2f2564223b7365745f6c616e677c733a373a22656e676c697368223b6c6f67676564696e7c623a313b),
('q5jnapbppqfrsuapj4fsmdbs8b384d46', '::1', 1672989786, 0x5f5f63695f6c6173745f726567656e65726174657c693a313637323938393738363b6e616d657c4e3b756e6971756569647c4e3b6c6f676765725f70686f746f7c4e3b6c6f67676564696e5f69647c733a313a2231223b6c6f67676564696e5f726f6c655f69647c733a313a2231223b6c6f67676564696e5f7573657269647c733a313a2231223b646174655f666f726d61747c733a383a2225592f256d2f2564223b7365745f6c616e677c733a373a22656e676c697368223b6c6f67676564696e7c623a313b),
('q5kg6enegshb76nhto9td5r56ao5m2fk', '::1', 1672586434, 0x5f5f63695f6c6173745f726567656e65726174657c693a313637323538363433343b72656469726563745f75726c7c733a35313a22687474703a2f2f6c6f63616c686f73742f6f6e6c696e652f736d617274636c696e69632f73657276696365732f637265617465223b6e616d657c4e3b756e6971756569647c4e3b6c6f676765725f70686f746f7c4e3b6c6f67676564696e5f69647c733a313a2231223b6c6f67676564696e5f726f6c655f69647c733a313a2231223b6c6f67676564696e5f7573657269647c733a313a2231223b646174655f666f726d61747c733a383a2225592f256d2f2564223b7365745f6c616e677c733a373a22656e676c697368223b6c6f67676564696e7c623a313b),
('qb29obn4eandcm7doc4iua485npol0qe', '::1', 1671174498, 0x5f5f63695f6c6173745f726567656e65726174657c693a313637313137343439383b72656469726563745f75726c7c733a35323a22687474703a2f2f6c6f63616c686f73742f6f6e6c696e652f736d617274636c696e69632f646f63756d656e74732f637265617465223b6e616d657c733a353a2261646d696e223b756e6971756569647c733a373a2232303762313333223b6c6f676765725f70686f746f7c733a33363a2236353936666438666535343264386632396133643735326339396139386563662e706e67223b6c6f67676564696e5f69647c733a313a2231223b6c6f67676564696e5f726f6c655f69647c733a313a2231223b6c6f67676564696e5f7573657269647c733a313a2231223b646174655f666f726d61747c733a383a2225592f256d2f2564223b7365745f6c616e677c733a373a22656e676c697368223b6c6f67676564696e7c623a313b616c6572742d6d6573736167652d737563636573737c733a34313a22496e666f726d6174696f6e20486173204265656e2055706461746564205375636365737366756c6c79223b5f5f63695f766172737c613a313a7b733a32313a22616c6572742d6d6573736167652d73756363657373223b733a333a226f6c64223b7d),
('qpb1i5tjhf7n15bsil037l274cgtv32m', '::1', 1671080681, 0x5f5f63695f6c6173745f726567656e65726174657c693a313637313038303638313b72656469726563745f75726c7c733a35313a22687474703a2f2f6c6f63616c686f73742f6f6e6c696e652f736d617274636c696e69632f73657276696365732f637265617465223b6e616d657c733a353a2261646d696e223b756e6971756569647c733a373a2232303762313333223b6c6f676765725f70686f746f7c733a33363a2236353936666438666535343264386632396133643735326339396139386563662e706e67223b6c6f67676564696e5f69647c733a313a2231223b6c6f67676564696e5f726f6c655f69647c733a313a2231223b6c6f67676564696e5f7573657269647c733a313a2231223b646174655f666f726d61747c733a383a2225592f256d2f2564223b7365745f6c616e677c733a373a22656e676c697368223b6c6f67676564696e7c623a313b),
('qrh36d83pi95eqd8d3284vqscv2frdq1', '121.157.249.41', 1669556641, 0x5f5f63695f6c6173745f726567656e65726174657c693a313636393535363634313b),
('qutupl248td6jfbn1t0spt9a7fiiakpf', '41.45.32.179', 1669462982, 0x5f5f63695f6c6173745f726567656e65726174657c693a313636393436323938323b6e616d657c733a353a2261646d696e223b756e6971756569647c733a373a2232303762313333223b6c6f676765725f70686f746f7c733a33363a2236353936666438666535343264386632396133643735326339396139386563662e706e67223b6c6f67676564696e5f69647c733a313a2231223b6c6f67676564696e5f726f6c655f69647c733a313a2231223b6c6f67676564696e5f7573657269647c733a313a2231223b646174655f666f726d61747c733a383a2225592f256d2f2564223b7365745f6c616e677c733a373a22656e676c697368223b6c6f67676564696e7c623a313b),
('r6b6h24kfg5vstbol23rh8gb6rhansa3', '::1', 1671084652, 0x5f5f63695f6c6173745f726567656e65726174657c693a313637313038343635323b72656469726563745f75726c7c733a35313a22687474703a2f2f6c6f63616c686f73742f6f6e6c696e652f736d617274636c696e69632f73657276696365732f637265617465223b6e616d657c733a353a2261646d696e223b756e6971756569647c733a373a2232303762313333223b6c6f676765725f70686f746f7c733a33363a2236353936666438666535343264386632396133643735326339396139386563662e706e67223b6c6f67676564696e5f69647c733a313a2231223b6c6f67676564696e5f726f6c655f69647c733a313a2231223b6c6f67676564696e5f7573657269647c733a313a2231223b646174655f666f726d61747c733a383a2225592f256d2f2564223b7365745f6c616e677c733a373a22656e676c697368223b6c6f67676564696e7c623a313b),
('r6tflhdunvbrjv3n2gb6mr8jclml5or8', '::1', 1672636206, 0x5f5f63695f6c6173745f726567656e65726174657c693a313637323633363230363b72656469726563745f75726c7c733a35313a22687474703a2f2f6c6f63616c686f73742f6f6e6c696e652f736d617274636c696e69632f73657276696365732f637265617465223b6e616d657c4e3b756e6971756569647c4e3b6c6f676765725f70686f746f7c4e3b6c6f67676564696e5f69647c733a313a2231223b6c6f67676564696e5f726f6c655f69647c733a313a2231223b6c6f67676564696e5f7573657269647c733a313a2231223b646174655f666f726d61747c733a383a2225592f256d2f2564223b7365745f6c616e677c733a373a22656e676c697368223b6c6f67676564696e7c623a313b),
('rb9ru5o86bkobt8f31uu7cf4vmce1sqn', '::1', 1671085349, 0x5f5f63695f6c6173745f726567656e65726174657c693a313637313038353334393b72656469726563745f75726c7c733a35313a22687474703a2f2f6c6f63616c686f73742f6f6e6c696e652f736d617274636c696e69632f73657276696365732f637265617465223b6e616d657c733a353a2261646d696e223b756e6971756569647c733a373a2232303762313333223b6c6f676765725f70686f746f7c733a33363a2236353936666438666535343264386632396133643735326339396139386563662e706e67223b6c6f67676564696e5f69647c733a313a2231223b6c6f67676564696e5f726f6c655f69647c733a313a2231223b6c6f67676564696e5f7573657269647c733a313a2231223b646174655f666f726d61747c733a383a2225592f256d2f2564223b7365745f6c616e677c733a373a22656e676c697368223b6c6f67676564696e7c623a313b),
('rj0qlh69voctt1dc2east3i7bfilc27e', '::1', 1671084025, 0x5f5f63695f6c6173745f726567656e65726174657c693a313637313038343032353b72656469726563745f75726c7c733a35313a22687474703a2f2f6c6f63616c686f73742f6f6e6c696e652f736d617274636c696e69632f73657276696365732f637265617465223b6e616d657c733a353a2261646d696e223b756e6971756569647c733a373a2232303762313333223b6c6f676765725f70686f746f7c733a33363a2236353936666438666535343264386632396133643735326339396139386563662e706e67223b6c6f67676564696e5f69647c733a313a2231223b6c6f67676564696e5f726f6c655f69647c733a313a2231223b6c6f67676564696e5f7573657269647c733a313a2231223b646174655f666f726d61747c733a383a2225592f256d2f2564223b7365745f6c616e677c733a373a22656e676c697368223b6c6f67676564696e7c623a313b),
('rllqv1li3ufo2l63m194p8g221n2v4tf', '::1', 1672903808, 0x5f5f63695f6c6173745f726567656e65726174657c693a313637323930333830383b72656469726563745f75726c7c733a35313a22687474703a2f2f6c6f63616c686f73742f6f6e6c696e652f736d617274636c696e69632f73657276696365732f637265617465223b6e616d657c4e3b756e6971756569647c4e3b6c6f676765725f70686f746f7c4e3b6c6f67676564696e5f69647c733a313a2231223b6c6f67676564696e5f726f6c655f69647c733a313a2231223b6c6f67676564696e5f7573657269647c733a313a2231223b646174655f666f726d61747c733a383a2225592f256d2f2564223b7365745f6c616e677c733a373a22656e676c697368223b6c6f67676564696e7c623a313b),
('s1np3q90ml9ug637c12d2m8ff7qah0id', '::1', 1671083059, 0x5f5f63695f6c6173745f726567656e65726174657c693a313637313038333035393b72656469726563745f75726c7c733a35313a22687474703a2f2f6c6f63616c686f73742f6f6e6c696e652f736d617274636c696e69632f73657276696365732f637265617465223b6e616d657c733a353a2261646d696e223b756e6971756569647c733a373a2232303762313333223b6c6f676765725f70686f746f7c733a33363a2236353936666438666535343264386632396133643735326339396139386563662e706e67223b6c6f67676564696e5f69647c733a313a2231223b6c6f67676564696e5f726f6c655f69647c733a313a2231223b6c6f67676564696e5f7573657269647c733a313a2231223b646174655f666f726d61747c733a383a2225592f256d2f2564223b7365745f6c616e677c733a373a22656e676c697368223b6c6f67676564696e7c623a313b),
('s2ceqc6b0od481vhoa0iq2lvnrilljr9', '41.45.32.179', 1669460051, 0x5f5f63695f6c6173745f726567656e65726174657c693a313636393436303035313b),
('s2ok8ua2shqon9cukb2b8hnjm98euvl1', '::1', 1672499753, 0x5f5f63695f6c6173745f726567656e65726174657c693a313637323439393735333b72656469726563745f75726c7c733a35313a22687474703a2f2f6c6f63616c686f73742f6f6e6c696e652f736d617274636c696e69632f73657276696365732f637265617465223b6e616d657c4e3b756e6971756569647c4e3b6c6f676765725f70686f746f7c4e3b6c6f67676564696e5f69647c733a313a2231223b6c6f67676564696e5f726f6c655f69647c733a313a2231223b6c6f67676564696e5f7573657269647c733a313a2231223b646174655f666f726d61747c733a383a2225592f256d2f2564223b7365745f6c616e677c733a373a22656e676c697368223b6c6f67676564696e7c623a313b),
('s6gl2ntfl8vpn3c9r4mb0iolkat7c096', '35.246.65.127', 1669645427, 0x5f5f63695f6c6173745f726567656e65726174657c693a313636393634353432373b),
('sfujleubluiqumf5dethh2e4dh9ndlo9', '::1', 1671085350, 0x5f5f63695f6c6173745f726567656e65726174657c693a313637313038353334393b72656469726563745f75726c7c733a35313a22687474703a2f2f6c6f63616c686f73742f6f6e6c696e652f736d617274636c696e69632f73657276696365732f637265617465223b6e616d657c733a353a2261646d696e223b756e6971756569647c733a373a2232303762313333223b6c6f676765725f70686f746f7c733a33363a2236353936666438666535343264386632396133643735326339396139386563662e706e67223b6c6f67676564696e5f69647c733a313a2231223b6c6f67676564696e5f726f6c655f69647c733a313a2231223b6c6f67676564696e5f7573657269647c733a313a2231223b646174655f666f726d61747c733a383a2225592f256d2f2564223b7365745f6c616e677c733a373a22656e676c697368223b6c6f67676564696e7c623a313b),
('t3qk9fmg5f3m8f34tgapjebh4lbdrr1h', '::1', 1672990341, 0x5f5f63695f6c6173745f726567656e65726174657c693a313637323939303334313b6e616d657c4e3b756e6971756569647c4e3b6c6f676765725f70686f746f7c4e3b6c6f67676564696e5f69647c733a313a2231223b6c6f67676564696e5f726f6c655f69647c733a313a2231223b6c6f67676564696e5f7573657269647c733a313a2231223b646174655f666f726d61747c733a383a2225592f256d2f2564223b7365745f6c616e677c733a373a22656e676c697368223b6c6f67676564696e7c623a313b),
('t8qf40rr46sssmg0gf2p0gr5si7hsivg', '::1', 1670942415, 0x5f5f63695f6c6173745f726567656e65726174657c693a313637303934323431353b6e616d657c733a353a2261646d696e223b756e6971756569647c733a373a2232303762313333223b6c6f676765725f70686f746f7c733a33363a2236353936666438666535343264386632396133643735326339396139386563662e706e67223b6c6f67676564696e5f69647c733a313a2231223b6c6f67676564696e5f726f6c655f69647c733a313a2231223b6c6f67676564696e5f7573657269647c733a313a2231223b646174655f666f726d61747c733a383a2225592f256d2f2564223b7365745f6c616e677c733a373a22656e676c697368223b6c6f67676564696e7c623a313b),
('tif50s2pgks0ndjs2ksbu9ju974rlgct', '::1', 1672911698, 0x5f5f63695f6c6173745f726567656e65726174657c693a313637323931313639383b72656469726563745f75726c7c733a35313a22687474703a2f2f6c6f63616c686f73742f6f6e6c696e652f736d617274636c696e69632f73657276696365732f637265617465223b6e616d657c4e3b756e6971756569647c4e3b6c6f676765725f70686f746f7c4e3b6c6f67676564696e5f69647c733a313a2231223b6c6f67676564696e5f726f6c655f69647c733a313a2231223b6c6f67676564696e5f7573657269647c733a313a2231223b646174655f666f726d61747c733a383a2225592f256d2f2564223b7365745f6c616e677c733a373a22656e676c697368223b6c6f67676564696e7c623a313b),
('tjg0q24nogmtvtsf4d0ch41cgptkpivo', '::1', 1672991119, 0x5f5f63695f6c6173745f726567656e65726174657c693a313637323939313131393b6e616d657c4e3b756e6971756569647c4e3b6c6f676765725f70686f746f7c4e3b6c6f67676564696e5f69647c733a313a2231223b6c6f67676564696e5f726f6c655f69647c733a313a2231223b6c6f67676564696e5f7573657269647c733a313a2231223b646174655f666f726d61747c733a383a2225592f256d2f2564223b7365745f6c616e677c733a373a22656e676c697368223b6c6f67676564696e7c623a313b),
('tjsev14iv4r4c8us4hrhj7kj62auhs7e', '::1', 1671250258, 0x5f5f63695f6c6173745f726567656e65726174657c693a313637313235303235383b72656469726563745f75726c7c733a35313a22687474703a2f2f6c6f63616c686f73742f6f6e6c696e652f736d617274636c696e69632f73657276696365732f637265617465223b6e616d657c733a353a2261646d696e223b756e6971756569647c733a373a2232303762313333223b6c6f676765725f70686f746f7c733a33363a2236353936666438666535343264386632396133643735326339396139386563662e706e67223b6c6f67676564696e5f69647c733a313a2231223b6c6f67676564696e5f726f6c655f69647c733a313a2231223b6c6f67676564696e5f7573657269647c733a313a2231223b646174655f666f726d61747c733a383a2225592f256d2f2564223b7365745f6c616e677c733a373a22656e676c697368223b6c6f67676564696e7c623a313b),
('tp1021ankt7s991g5omqog5k9qprvm43', '::1', 1672461274, 0x5f5f63695f6c6173745f726567656e65726174657c693a313637323436313237343b72656469726563745f75726c7c733a35313a22687474703a2f2f6c6f63616c686f73742f6f6e6c696e652f736d617274636c696e69632f73657276696365732f637265617465223b6e616d657c4e3b756e6971756569647c4e3b6c6f676765725f70686f746f7c4e3b6c6f67676564696e5f69647c733a313a2231223b6c6f67676564696e5f726f6c655f69647c733a313a2231223b6c6f67676564696e5f7573657269647c733a313a2231223b646174655f666f726d61747c733a383a2225592f256d2f2564223b7365745f6c616e677c733a373a22656e676c697368223b6c6f67676564696e7c623a313b),
('tsop0fgt0mi8vh7ap284ud2ibg4cu3vb', '::1', 1670943516, 0x5f5f63695f6c6173745f726567656e65726174657c693a313637303934333531363b6e616d657c733a353a2261646d696e223b756e6971756569647c733a373a2232303762313333223b6c6f676765725f70686f746f7c733a33363a2236353936666438666535343264386632396133643735326339396139386563662e706e67223b6c6f67676564696e5f69647c733a313a2231223b6c6f67676564696e5f726f6c655f69647c733a313a2231223b6c6f67676564696e5f7573657269647c733a313a2231223b646174655f666f726d61747c733a383a2225592f256d2f2564223b7365745f6c616e677c733a373a22656e676c697368223b6c6f67676564696e7c623a313b),
('u0l3tao4hqr2mhh6l5m8j63o17s47q91', '::1', 1672990671, 0x5f5f63695f6c6173745f726567656e65726174657c693a313637323939303637313b6e616d657c4e3b756e6971756569647c4e3b6c6f676765725f70686f746f7c4e3b6c6f67676564696e5f69647c733a313a2231223b6c6f67676564696e5f726f6c655f69647c733a313a2231223b6c6f67676564696e5f7573657269647c733a313a2231223b646174655f666f726d61747c733a383a2225592f256d2f2564223b7365745f6c616e677c733a373a22656e676c697368223b6c6f67676564696e7c623a313b),
('u23tncmdcnlpkgcb8db70lndj700f8dg', '::1', 1671251991, 0x5f5f63695f6c6173745f726567656e65726174657c693a313637313235313939313b72656469726563745f75726c7c733a35313a22687474703a2f2f6c6f63616c686f73742f6f6e6c696e652f736d617274636c696e69632f73657276696365732f637265617465223b6e616d657c733a353a2261646d696e223b756e6971756569647c733a373a2232303762313333223b6c6f676765725f70686f746f7c733a33363a2236353936666438666535343264386632396133643735326339396139386563662e706e67223b6c6f67676564696e5f69647c733a313a2231223b6c6f67676564696e5f726f6c655f69647c733a313a2231223b6c6f67676564696e5f7573657269647c733a313a2231223b646174655f666f726d61747c733a383a2225592f256d2f2564223b7365745f6c616e677c733a373a22656e676c697368223b6c6f67676564696e7c623a313b),
('u2ggseq7ejqvifiknav276ion3q8ovnp', '::1', 1672818015, 0x5f5f63695f6c6173745f726567656e65726174657c693a313637323831383031353b72656469726563745f75726c7c733a35313a22687474703a2f2f6c6f63616c686f73742f6f6e6c696e652f736d617274636c696e69632f73657276696365732f637265617465223b6e616d657c4e3b756e6971756569647c4e3b6c6f676765725f70686f746f7c4e3b6c6f67676564696e5f69647c733a313a2231223b6c6f67676564696e5f726f6c655f69647c733a313a2231223b6c6f67676564696e5f7573657269647c733a313a2231223b646174655f666f726d61747c733a383a2225592f256d2f2564223b7365745f6c616e677c733a373a22656e676c697368223b6c6f67676564696e7c623a313b),
('u3kki4tvmkcbr0bhop6ajgp6mkgucf38', '::1', 1670997060, 0x5f5f63695f6c6173745f726567656e65726174657c693a313637303939373036303b72656469726563745f75726c7c733a35313a22687474703a2f2f6c6f63616c686f73742f6f6e6c696e652f736d617274636c696e69632f73657276696365732f637265617465223b6e616d657c733a353a2261646d696e223b756e6971756569647c733a373a2232303762313333223b6c6f676765725f70686f746f7c733a33363a2236353936666438666535343264386632396133643735326339396139386563662e706e67223b6c6f67676564696e5f69647c733a313a2231223b6c6f67676564696e5f726f6c655f69647c733a313a2231223b6c6f67676564696e5f7573657269647c733a313a2231223b646174655f666f726d61747c733a383a2225592f256d2f2564223b7365745f6c616e677c733a373a22656e676c697368223b6c6f67676564696e7c623a313b),
('u4q0jeodgih6f0p2ldhrro3tibjdbq1b', '::1', 1672500516, 0x5f5f63695f6c6173745f726567656e65726174657c693a313637323530303531363b72656469726563745f75726c7c733a35313a22687474703a2f2f6c6f63616c686f73742f6f6e6c696e652f736d617274636c696e69632f73657276696365732f637265617465223b6e616d657c4e3b756e6971756569647c4e3b6c6f676765725f70686f746f7c4e3b6c6f67676564696e5f69647c733a313a2231223b6c6f67676564696e5f726f6c655f69647c733a313a2231223b6c6f67676564696e5f7573657269647c733a313a2231223b646174655f666f726d61747c733a383a2225592f256d2f2564223b7365745f6c616e677c733a373a22656e676c697368223b6c6f67676564696e7c623a313b),
('uiqerqt89ftovbh7g7lftjq9f9hj13mv', '::1', 1672288228, 0x5f5f63695f6c6173745f726567656e65726174657c693a313637323238383232383b72656469726563745f75726c7c733a35313a22687474703a2f2f6c6f63616c686f73742f6f6e6c696e652f736d617274636c696e69632f73657276696365732f637265617465223b6e616d657c4e3b756e6971756569647c4e3b6c6f676765725f70686f746f7c4e3b6c6f67676564696e5f69647c733a313a2231223b6c6f67676564696e5f726f6c655f69647c733a313a2231223b6c6f67676564696e5f7573657269647c733a313a2231223b646174655f666f726d61747c733a383a2225592f256d2f2564223b7365745f6c616e677c733a373a22656e676c697368223b6c6f67676564696e7c623a313b),
('v7m8vgpdmdrd2hjr11el8gig0dkolg51', '::1', 1672376677, 0x5f5f63695f6c6173745f726567656e65726174657c693a313637323337363637373b72656469726563745f75726c7c733a35313a22687474703a2f2f6c6f63616c686f73742f6f6e6c696e652f736d617274636c696e69632f73657276696365732f637265617465223b6e616d657c4e3b756e6971756569647c4e3b6c6f676765725f70686f746f7c4e3b6c6f67676564696e5f69647c733a313a2231223b6c6f67676564696e5f726f6c655f69647c733a313a2231223b6c6f67676564696e5f7573657269647c733a313a2231223b646174655f666f726d61747c733a383a2225592f256d2f2564223b7365745f6c616e677c733a373a22656e676c697368223b6c6f67676564696e7c623a313b),
('v9ldavob9em9scqqo7h10efpjv49jpst', '::1', 1672817644, 0x5f5f63695f6c6173745f726567656e65726174657c693a313637323831373634343b72656469726563745f75726c7c733a35313a22687474703a2f2f6c6f63616c686f73742f6f6e6c696e652f736d617274636c696e69632f73657276696365732f637265617465223b6e616d657c4e3b756e6971756569647c4e3b6c6f676765725f70686f746f7c4e3b6c6f67676564696e5f69647c733a313a2231223b6c6f67676564696e5f726f6c655f69647c733a313a2231223b6c6f67676564696e5f7573657269647c733a313a2231223b646174655f666f726d61747c733a383a2225592f256d2f2564223b7365745f6c616e677c733a373a22656e676c697368223b6c6f67676564696e7c623a313b),
('va8beb4n6nh5fljbqh5kptjvs4ki1fqd', '::1', 1672635450, 0x5f5f63695f6c6173745f726567656e65726174657c693a313637323633353435303b72656469726563745f75726c7c733a35313a22687474703a2f2f6c6f63616c686f73742f6f6e6c696e652f736d617274636c696e69632f73657276696365732f637265617465223b6e616d657c4e3b756e6971756569647c4e3b6c6f676765725f70686f746f7c4e3b6c6f67676564696e5f69647c733a313a2231223b6c6f67676564696e5f726f6c655f69647c733a313a2231223b6c6f67676564696e5f7573657269647c733a313a2231223b646174655f666f726d61747c733a383a2225592f256d2f2564223b7365745f6c616e677c733a373a22656e676c697368223b6c6f67676564696e7c623a313b),
('vgnoea937mtvr3e9bn0cqudksoq0g17k', '::1', 1672728924, 0x5f5f63695f6c6173745f726567656e65726174657c693a313637323732383833343b6e616d657c4e3b756e6971756569647c4e3b6c6f676765725f70686f746f7c4e3b6c6f67676564696e5f69647c733a313a2231223b6c6f67676564696e5f726f6c655f69647c733a313a2231223b6c6f67676564696e5f7573657269647c733a313a2231223b646174655f666f726d61747c733a383a2225592f256d2f2564223b7365745f6c616e677c733a373a22656e676c697368223b6c6f67676564696e7c623a313b),
('vlab1c7i2k8t5i98vvgsf3ppmprve5no', '35.246.65.127', 1669818227, 0x5f5f63695f6c6173745f726567656e65726174657c693a313636393831383232373b),
('vn2gptirj2ubv0jp4kf0cirpic9f18r7', '41.45.32.179', 1669462623, 0x5f5f63695f6c6173745f726567656e65726174657c693a313636393436323632333b6e616d657c733a353a2261646d696e223b756e6971756569647c733a373a2232303762313333223b6c6f676765725f70686f746f7c733a33363a2236353936666438666535343264386632396133643735326339396139386563662e706e67223b6c6f67676564696e5f69647c733a313a2231223b6c6f67676564696e5f726f6c655f69647c733a313a2231223b6c6f67676564696e5f7573657269647c733a313a2231223b646174655f666f726d61747c733a383a2225592f256d2f2564223b7365745f6c616e677c733a373a22656e676c697368223b6c6f67676564696e7c623a313b),
('vopmo6k6to334eg2lp96c5722rcs2qnc', '::1', 1671084327, 0x5f5f63695f6c6173745f726567656e65726174657c693a313637313038343332373b72656469726563745f75726c7c733a35313a22687474703a2f2f6c6f63616c686f73742f6f6e6c696e652f736d617274636c696e69632f73657276696365732f637265617465223b6e616d657c733a353a2261646d696e223b756e6971756569647c733a373a2232303762313333223b6c6f676765725f70686f746f7c733a33363a2236353936666438666535343264386632396133643735326339396139386563662e706e67223b6c6f67676564696e5f69647c733a313a2231223b6c6f67676564696e5f726f6c655f69647c733a313a2231223b6c6f67676564696e5f7573657269647c733a313a2231223b646174655f666f726d61747c733a383a2225592f256d2f2564223b7365745f6c616e677c733a373a22656e676c697368223b6c6f67676564696e7c623a313b),
('vpb9gnicu1c6qlq1si94acjp9t5g3sc0', '::1', 1672287440, 0x5f5f63695f6c6173745f726567656e65726174657c693a313637323238373434303b72656469726563745f75726c7c733a35313a22687474703a2f2f6c6f63616c686f73742f6f6e6c696e652f736d617274636c696e69632f73657276696365732f637265617465223b6e616d657c4e3b756e6971756569647c4e3b6c6f676765725f70686f746f7c4e3b6c6f67676564696e5f69647c733a313a2231223b6c6f67676564696e5f726f6c655f69647c733a313a2231223b6c6f67676564696e5f7573657269647c733a313a2231223b646174655f666f726d61747c733a383a2225592f256d2f2564223b7365745f6c616e677c733a373a22656e676c697368223b6c6f67676564696e7c623a313b),
('vrlbbtviqm3kukr0gpgnq8ddpbruc84v', '::1', 1672229406, 0x5f5f63695f6c6173745f726567656e65726174657c693a313637323232393430363b72656469726563745f75726c7c733a35313a22687474703a2f2f6c6f63616c686f73742f6f6e6c696e652f736d617274636c696e69632f73657276696365732f637265617465223b6e616d657c4e3b756e6971756569647c4e3b6c6f676765725f70686f746f7c4e3b6c6f67676564696e5f69647c733a313a2231223b6c6f67676564696e5f726f6c655f69647c733a313a2231223b6c6f67676564696e5f7573657269647c733a313a2231223b646174655f666f726d61747c733a383a2225592f256d2f2564223b7365745f6c616e677c733a373a22656e676c697368223b6c6f67676564696e7c623a313b);

-- --------------------------------------------------------

--
-- Table structure for table `documents`
--

CREATE TABLE `documents` (
  `id` int(11) NOT NULL,
  `user_id` varchar(50) NOT NULL,
  `file_name` varchar(50) NOT NULL,
  `doc_type` varchar(50) DEFAULT '',
  `expiry_date` varchar(50) NOT NULL,
  `admin_notify` varchar(50) NOT NULL,
  `is_read` int(10) NOT NULL DEFAULT 0,
  `created_at` varchar(50) NOT NULL,
  `updated_at` varchar(50) NOT NULL
) ENGINE=InnoDB DEFAULT CHARSET=utf8mb4;

--
-- Dumping data for table `documents`
--

INSERT INTO `documents` (`id`, `user_id`, `file_name`, `doc_type`, `expiry_date`, `admin_notify`, `is_read`, `created_at`, `updated_at`) VALUES
(3, '3', 'a0f55734960be7ff4e442ae9e880e758.txt', 'Visa', '2022-12-17', '2022-12-17 04:12', 1, '', ''),
(4, '2', 'cdc720f1d225c0faa14e0237042f6c90.txt', 'Visa', '2022-12-29', '2022-12-30 20:09', 1, '', '');

-- --------------------------------------------------------

--
-- Table structure for table `email_config`
--

CREATE TABLE `email_config` (
  `id` int(11) NOT NULL,
  `email` varchar(200) DEFAULT NULL,
  `email_protocol` varchar(10) NOT NULL,
  `smtp_host` varchar(25) NOT NULL,
  `smtp_user` varchar(25) DEFAULT NULL,
  `smtp_pass` text NOT NULL,
  `smtp_port` varchar(100) NOT NULL,
  `smtp_encryption` varchar(10) NOT NULL
) ENGINE=InnoDB DEFAULT CHARSET=utf8;

--
-- Dumping data for table `email_config`
--

INSERT INTO `email_config` (`id`, `email`, `email_protocol`, `smtp_host`, `smtp_user`, `smtp_pass`, `smtp_port`, `smtp_encryption`) VALUES
(1, 'example@gmail.com', 'sendmail', 'smtp.gmail.com', 'example@gmail.com', '1234', '25', 'ssl');

-- --------------------------------------------------------

--
-- Table structure for table `email_templates`
--

CREATE TABLE `email_templates` (
  `id` int(11) NOT NULL,
  `email_type` varchar(200) NOT NULL,
  `subject` varchar(250) NOT NULL,
  `template_body` longtext NOT NULL,
  `tags` longtext NOT NULL,
  `notified` int(11) NOT NULL DEFAULT 1
) ENGINE=InnoDB DEFAULT CHARSET=utf8;

--
-- Dumping data for table `email_templates`
--

INSERT INTO `email_templates` (`id`, `email_type`, `subject`, `template_body`, `tags`, `notified`) VALUES
(1, 'account_registered', 'Account Registered', '', '{institute_name}, {name}, {username}, {password}, {user_role}, {login_url}', 0),
(2, 'forgot_password', 'Forgot Password', '', '{institute_name}, {name}, {username}, {reset_url}', 0),
(5, 'payslip_generated', 'Payslip generated', '', '{institute_name}, {name}, {month_year}, {payslip_no}, {payslip_url}', 0),
(6, 'absent', 'Absent Notice', '', '{institute_name}, {name}, {date}', 0),
(7, 'leave_approve', 'Your leave request has been approved', '', '{institute_name}, {name}, {admin_comments}, {start_date}, {end_date}', 0),
(8, 'leave_reject', 'Your leave request has been reject', '', '{institute_name}, {name}, {admin_comments}, {start_date}, {end_date}', 0),
(9, 'appointment_confirmation', 'Appointment Confirmation', '', '{institute_name}, {patient_name}, {doctor_name}, {consultation_fees}, {schedule_time}, {appointment_date}', 0),
(10, 'appointment_canceled', 'Appointment Canceled', '', '{institute_name}, {patient_name}, {doctor_name}, {consultation_fees}, {schedule_time}, {appointment_date}', 0);

-- --------------------------------------------------------

--
-- Table structure for table `front_cms_about`
--

CREATE TABLE `front_cms_about` (
  `id` int(11) NOT NULL,
  `title` varchar(255) DEFAULT NULL,
  `subtitle` varchar(255) DEFAULT NULL,
  `page_title` varchar(255) NOT NULL,
  `content` text CHARACTER SET utf8 COLLATE utf8_unicode_ci NOT NULL,
  `banner_image` varchar(255) DEFAULT NULL,
  `about_image` varchar(255) NOT NULL,
  `elements` mediumtext NOT NULL,
  `meta_description` text NOT NULL,
  `meta_keyword` text NOT NULL
) ENGINE=InnoDB DEFAULT CHARSET=utf8;

--
-- Dumping data for table `front_cms_about`
--

INSERT INTO `front_cms_about` (`id`, `title`, `subtitle`, `page_title`, `content`, `banner_image`, `about_image`, `elements`, `meta_description`, `meta_keyword`) VALUES
(1, 'Welcome to Hospitals', 'Best Medical &amp; Healthcare Needs to Our Patients', 'About Us', '<p>Lorem ipsum dolor sit amet, consectetur adipiscing elit. Ut volutpat rutrum eros amet sollicitudin interdum. Suspendisse pulvinar, velit nec pharetra interdum, ante tellus ornare mi, et mollis tellus neque vitae elit. Mauris adipiscing mauris fringilla turpis interdum sed pulvinar nisi malesuada. Lorem ipsum dolor sit amet, consectetur adipiscing elit.</p>\r\n\r\n<p>Donec sed odio dui. Nulla vitae elit libero, a pharetra augue. Nullam id dolor id nibh ultricies vehicula ut id elit. Integer posuere erat a ante venenatis dapibus posuere velit aliquet. Duis mollis, est non commodo luctus, nisi erat porttitor ligula. Mauris sit amet neque nec nunc gravida.</p>\r\n\r\n<div class=\"row\">\r\n<div class=\"col-sm-6 col-12\">\r\n<ul class=\"list-unstyled list-style-3\">\r\n	<li><a href=\"#\">Cardiothoracic Surgery</a></li>\r\n	<li><a href=\"#\">Cardiovascular Diseases</a></li>\r\n	<li><a href=\"#\">Ophthalmology</a></li>\r\n	<li><a href=\"#\">Dermitology</a></li>\r\n</ul>\r\n</div>\r\n\r\n<div class=\"col-sm-6 col-12\">\r\n<ul class=\"list-unstyled list-style-3\">\r\n	<li><a href=\"#\">Cardiothoracic Surgery</a></li>\r\n	<li><a href=\"#\">Cardiovascular Diseases</a></li>\r\n	<li><a href=\"#\">Ophthalmology</a></li>\r\n</ul>\r\n</div>\r\n</div>', 'about.jpg', 'about.jpg', '{\"cta_title\":\"Get in touch to join our community\",\"button_text\":\"Contact Our Office\",\"button_url\":\"contact\"}', '', '');

-- --------------------------------------------------------

--
-- Table structure for table `front_cms_appointment`
--

CREATE TABLE `front_cms_appointment` (
  `id` int(11) NOT NULL,
  `title` varchar(255) DEFAULT NULL,
  `description` text DEFAULT NULL,
  `page_title` varchar(255) DEFAULT NULL,
  `banner_image` varchar(255) DEFAULT NULL,
  `meta_description` text NOT NULL,
  `meta_keyword` text NOT NULL
) ENGINE=InnoDB DEFAULT CHARSET=utf8;

--
-- Dumping data for table `front_cms_appointment`
--

INSERT INTO `front_cms_appointment` (`id`, `title`, `description`, `page_title`, `banner_image`, `meta_description`, `meta_keyword`) VALUES
(1, 'Make An Appoinment', '<p><span style=\"color: rgb(156, 156, 156); font-family: Poppins, sans-serif; font-size: 14px; font-style: normal; font-variant-ligatures: normal; font-variant-caps: normal; font-weight: 400; letter-spacing: normal; orphans: 2; text-align: start; text-indent: 0px; text-transform: none; white-space: normal; widows: 2; word-spacing: 0px; -webkit-text-stroke-width: 0px; background-color: rgb(255, 255, 255); text-decoration-style: initial; text-decoration-color: initial; display: inline !important; float: none;\">Lorem ipsum dolor sit amet, eum illum dolore concludaturque ex, ius latine adipisci no. Pro at nullam laboramus definitiones. Mandamusconceptam omittantur cu cum. Brute appetere it scriptorem ei eam, ne vim velit novum nominati. Causae volutpat percipitur at sed ne.</span></p>\r\n', 'Appointment', 'appointment.jpg', '', '');

-- --------------------------------------------------------

--
-- Table structure for table `front_cms_contact`
--

CREATE TABLE `front_cms_contact` (
  `id` int(11) NOT NULL,
  `box_title` varchar(255) DEFAULT NULL,
  `box_description` varchar(500) DEFAULT NULL,
  `box_image` varchar(255) DEFAULT NULL,
  `form_title` varchar(355) DEFAULT NULL,
  `address` varchar(355) DEFAULT NULL,
  `phone` varchar(355) DEFAULT NULL,
  `email` varchar(355) DEFAULT NULL,
  `submit_text` varchar(355) NOT NULL,
  `map_iframe` text DEFAULT NULL,
  `page_title` varchar(255) NOT NULL,
  `banner_image` varchar(255) DEFAULT NULL,
  `meta_description` text NOT NULL,
  `meta_keyword` text NOT NULL
) ENGINE=InnoDB DEFAULT CHARSET=utf8;

--
-- Dumping data for table `front_cms_contact`
--

INSERT INTO `front_cms_contact` (`id`, `box_title`, `box_description`, `box_image`, `form_title`, `address`, `phone`, `email`, `submit_text`, `map_iframe`, `page_title`, `banner_image`, `meta_description`, `meta_keyword`) VALUES
(1, 'WE\'D LOVE TO HEAR FROM YOU', 'Fusce convallis diam vitae velit tempus rutrum. Donec nisl nisl, vulputate eu sapien sed, adipiscing vehicula massa. Mauris eget commodo neque, id molestie enim.', 'contact-info-box.png', 'Get in touch by filling the form below', '4896  Romrog Way, LOS ANGELES,\r\nCalifornia', '954-648-1802, \r\n963-612-1782', 'info@example.com\r\nsupport@example.com', 'Send', '<iframe width=\"100%\" height=\"350\" id=\"gmap_canvas\" src=\"https://www.google.com/maps/embed?pb=!1m18!1m12!1m3!1d3313.3833161665298!2d-118.03745848530627!3d33.85401093559897!2m3!1f0!2f0!3f0!3m2!1i1024!2i768!4f13.1!3m3!1m2!1s0x80dd2c6c97f8f3ed%3A0x47b1bde165dcc056!2sOak+Dr%2C+La+Palma%2C+CA+90623%2C+USA!5e0!3m2!1sen!2sbd!4v1544238752504\" frameborder=\"0\" scrolling=\"no\" marginheight=\"0\" marginwidth=\"0\"></iframe>', 'Contact Us', 'contact.jpg', '', '');

-- --------------------------------------------------------

--
-- Table structure for table `front_cms_doctors`
--

CREATE TABLE `front_cms_doctors` (
  `id` int(11) NOT NULL,
  `page_title` varchar(255) DEFAULT NULL,
  `banner_image` varchar(255) DEFAULT NULL,
  `meta_description` text NOT NULL,
  `meta_keyword` text NOT NULL
) ENGINE=InnoDB DEFAULT CHARSET=utf8;

--
-- Dumping data for table `front_cms_doctors`
--

INSERT INTO `front_cms_doctors` (`id`, `page_title`, `banner_image`, `meta_description`, `meta_keyword`) VALUES
(1, 'Doctors', 'doctors.jpg', '', ''),
(2, 'Doctor Profile', 'doctor_profile.jpg', '', '');

-- --------------------------------------------------------

--
-- Table structure for table `front_cms_doctor_bio`
--

CREATE TABLE `front_cms_doctor_bio` (
  `id` int(11) NOT NULL,
  `doctor_id` varchar(20) NOT NULL,
  `biography` text CHARACTER SET utf8 COLLATE utf8_unicode_ci NOT NULL
) ENGINE=InnoDB DEFAULT CHARSET=utf8;

-- --------------------------------------------------------

--
-- Table structure for table `front_cms_faq`
--

CREATE TABLE `front_cms_faq` (
  `id` int(11) NOT NULL,
  `title` varchar(255) DEFAULT NULL,
  `description` text DEFAULT NULL,
  `page_title` varchar(255) DEFAULT NULL,
  `banner_image` varchar(255) DEFAULT NULL,
  `meta_description` text NOT NULL,
  `meta_keyword` text NOT NULL
) ENGINE=InnoDB DEFAULT CHARSET=utf8;

--
-- Dumping data for table `front_cms_faq`
--

INSERT INTO `front_cms_faq` (`id`, `title`, `description`, `page_title`, `banner_image`, `meta_description`, `meta_keyword`) VALUES
(1, 'Frequently Asked Questions', '<p>Anim pariatur cliche reprehenderit, enim eiusmod high life accusamus terry richardson ad squid. 3 wolf moon officia aute, non cupidatat skateboard dolor brunch. Food truck quinoa nesciunt laborum eiusmod. Brunch 3 wolf moon tempor, sunt aliqua put a bird on it squid single-origin coffee nulla assumenda shoreditch et. Nihil anim keffiyeh helvetica, craft beer labore wes anderson cred nesciunt sapiente ea proident.</p>\r\n\r\n<p>Ad vegan excepteur butcher vice lomo. Leggings occaecat craft beer farm-to-table, raw denim aesthetic synth nesciunt you probably haven&#39;t heard of them accusamus labore sustainable VHS.</p>', 'Faq', 'faq.jpg', '', '');

-- --------------------------------------------------------

--
-- Table structure for table `front_cms_faq_list`
--

CREATE TABLE `front_cms_faq_list` (
  `id` int(11) NOT NULL,
  `title` varchar(255) DEFAULT NULL,
  `description` text DEFAULT NULL
) ENGINE=InnoDB DEFAULT CHARSET=utf8;

--
-- Dumping data for table `front_cms_faq_list`
--

INSERT INTO `front_cms_faq_list` (`id`, `title`, `description`) VALUES
(1, 'Any Information you provide on applications for disability, life or accidental insurance ?', '<p>\r\nLorem ipsum dolor sit amet, consectetur adipisicing elit, sed do eiusmod tempor incididunt ut labore et dolore magna aliqua. Ut enim ad minim veniam, quis nostrud exercitation ullamco quat. It is a long established fact that a reader will be distracted by the readable content of a page when looking at its layout.\r\n</p>\r\n<ul>\r\n<li>Lorem ipsum dolor sit amet, consectetur adipisicing elit.</li>\r\n<li>Sed do eiusmod tempor incididunt ut labore et dolore magna aliq.</li>\r\n<li>Ut enim ad minim veniam, quis nostrud exercitation ullamco quat. It is a long established fact.</li>\r\n<li>That a reader will be distracted by the readable content of a page when looking at its layout.</li>\r\n<li>Lorem ipsum dolor sit amet, consectetur adipisicing elit.</li>\r\n<li>Eiusmod tempor incididunt ut labore et dolore magna aliqua. Ut enim ad minim veniam.</li>\r\n<li>Quis nostrud exercitation ullamco quat. It is a long established fact that a reader will be distracted.</li>\r\n<li>Readable content of a page when looking at its layout.</li>\r\n<li>The point of using Lorem Ipsum is that it has a more-or-less normal distribution of letters.</li>\r\n<li>Opposed to using \'Content here, content here\', making it look like readable English.</li>\r\n</ul>'),
(2, 'Readable content of a page when looking at its layout ?', '<p>\r\n                                Nihil anim keffiyeh helvetica, craft beer labore wes anderson cred nesciunt sapiente ea proident. Ad vegan excepteur butcher vice lomo. Leggings occaecat craft beer farm-to-table, raw denim aesthetic synth nesciunt you probably haven\'t heard of them accusamus labore sustainable VHS.\r\n                            </p>\r\n                            <ol>\r\n                                <li>Quis nostrud exercitation ullamco quat. It is a long established fact that a reader will be distracted.</li>\r\n                                <li>Readable content of a page when looking at its layout.</li>\r\n                                <li>The point of using Lorem Ipsum is that it has a more-or-less normal distribution of letters.</li>\r\n                                <li>Opposed to using \'Content here, content here\', making it look like readable English.</li>\r\n                            </ol>\r\n                            <p>\r\n                                Anim pariatur cliche reprehenderit, enim eiusmod high life accusamus terry richardson ad squid. 3 wolf moon officia aute, non cupidatat skateboard dolor brunch. Food truck quinoa nesciunt laborum eiusmod. Brunch 3 wolf moon tempor, sunt aliqua put a bird on it squid single-origin coffee nulla assumenda shoreditch et.\r\n                            </p>'),
(3, 'Opposed to using \'Content here, content here\', making it look like readable English ?', '<p>\r\n                                Nihil anim keffiyeh helvetica, craft beer labore wes anderson cred nesciunt sapiente ea proident. Ad vegan excepteur butcher vice lomo. Leggings occaecat craft beer farm-to-table, raw denim aesthetic synth nesciunt you probably haven\'t heard of them accusamus labore sustainable VHS.\r\n                            </p>\r\n                            <ol>\r\n                                <li>Quis nostrud exercitation ullamco quat. It is a long established fact that a reader will be distracted.</li>\r\n                                <li>Readable content of a page when looking at its layout.</li>\r\n                                <li>The point of using Lorem Ipsum is that it has a more-or-less normal distribution of letters.</li>\r\n                                <li>Opposed to using \'Content here, content here\', making it look like readable English.</li>\r\n                            </ol>\r\n                            <p>\r\n                                Anim pariatur cliche reprehenderit, enim eiusmod high life accusamus terry richardson ad squid. 3 wolf moon officia aute, non cupidatat skateboard dolor brunch. Food truck quinoa nesciunt laborum eiusmod. Brunch 3 wolf moon tempor, sunt aliqua put a bird on it squid single-origin coffee nulla assumenda shoreditch et.\r\n                            </p>'),
(4, 'Readable content of a page when looking at its layout ?', '<p>\r\n                                Nihil anim keffiyeh helvetica, craft beer labore wes anderson cred nesciunt sapiente ea proident. Ad vegan excepteur butcher vice lomo. Leggings occaecat craft beer farm-to-table, raw denim aesthetic synth nesciunt you probably haven\'t heard of them accusamus labore sustainable VHS.\r\n                            </p>\r\n                            <ol>\r\n                                <li>Quis nostrud exercitation ullamco quat. It is a long established fact that a reader will be distracted.</li>\r\n                                <li>Readable content of a page when looking at its layout.</li>\r\n                                <li>The point of using Lorem Ipsum is that it has a more-or-less normal distribution of letters.</li>\r\n                                <li>Opposed to using \'Content here, content here\', making it look like readable English.</li>\r\n                            </ol>\r\n                            <p>\r\n                                Anim pariatur cliche reprehenderit, enim eiusmod high life accusamus terry richardson ad squid. 3 wolf moon officia aute, non cupidatat skateboard dolor brunch. Food truck quinoa nesciunt laborum eiusmod. Brunch 3 wolf moon tempor, sunt aliqua put a bird on it squid single-origin coffee nulla assumenda shoreditch et.\r\n                            </p>'),
(5, 'What types of documents are required to travel?', '<p><strong>Lorem ipsum</strong> dolor sit amet, an labores explicari qui, eu nostrum copiosae argumentum has. Latine propriae quo no, unum ridens expetenda id sit, at usu eius eligendi singulis. Sea ocurreret principes ne. At nonumy aperiri pri, nam quodsi copiosae intellegebat et, ex deserunt euripidis usu. Per ad ullum lobortis. Duo volutpat imperdiet ut, postea salutatus imperdiet ut per, ad utinam debitis invenire has.</p>\r\n\r\n<ol>\r\n	<li>labores explicari qui</li>\r\n	<li>labores explicari qui</li>\r\n	<li>labores explicari quilabores explicari qui</li>\r\n	<li>labores explicari qui</li>\r\n</ol>');

-- --------------------------------------------------------

--
-- Table structure for table `front_cms_home`
--

CREATE TABLE `front_cms_home` (
  `id` int(11) NOT NULL,
  `title` varchar(255) DEFAULT NULL,
  `subtitle` varchar(255) DEFAULT NULL,
  `item_type` varchar(20) NOT NULL,
  `description` text CHARACTER SET utf8 COLLATE utf8_unicode_ci NOT NULL,
  `elements` mediumtext NOT NULL,
  `active` int(11) NOT NULL DEFAULT 0
) ENGINE=InnoDB DEFAULT CHARSET=utf8;

--
-- Dumping data for table `front_cms_home`
--

INSERT INTO `front_cms_home` (`id`, `title`, `subtitle`, `item_type`, `description`, `elements`, `active`) VALUES
(1, 'We Offer Fast &amp; Reliable', 'Medical &amp; Healthcare Needs', 'wellcome', 'It is a long established fact that a reader will be distracted by the readable content of a page when looking at its layout. The point of using Lorem Ipsum is that it has a more-or-less normal distribution of letters, as opposed to using content.\r\n\r\nMaking it look like readable English. Many desktop publishing packages and web page editors now use Lorem Ipsum as their default model text, and a search for \'lorem ipsum\' will uncover many web sites still in their infancy. Various versions have evolved over the years, sometimes by accident, sometimes on purpose (injected humour and the like).', '{\"image\":\"wellcome.jpg\"}', 0),
(2, 'Experience Doctor Team', NULL, 'doctors', 'Making it look like readable English. Many desktop publishing packages and web page editors now use Lorem Ipsum as their default model text, and a search for \'lorem ipsum\' will uncover many web sites still in their infancy. Various versions have evolved over the years, sometimes by accident.', '{\"doctor_start\":\"1\",\"image\":\"featured-parallax.jpg\"}', 0),
(3, 'Our Best Medical Services', NULL, 'services', 'Lorem Ipsum is simply dummy text of the printing and typesetting industry.', '', 0),
(4, 'Online Hassle Free Appointment Booking', 'Medical Services', 'cta', '', '{\"mobile_no\":\"+2484-398-8987\",\"button_text\":\"Book your Appointment\",\"button_url\":\"appointment\",\"image\":\"appointment-booking-img.png\"}', 0),
(5, 'Best <span>Digital</span> Experience', NULL, 'slider', 'Lorem Ipsum is simply dummy text printer took a galley of type and scrambled it to make a type specimen book.', '{\"position\":\"c-left\",\"button_text1\":\"View Services\",\"button_url1\":\"#\",\"button_text2\":\"Learn More\",\"button_url2\":\"#\",\"image\":\"home-slider-1578743357.jpg\"}', 0),
(6, 'Main Heading <span>Some Caption</span> Here', NULL, 'slider', 'Lorem Ipsum is simply dummy text printer took a galley of type and scrambled it to make a type specimen book.', '{\"position\":\"c-center\",\"button_text1\":\"Read More\",\"button_url1\":\"#\",\"button_text2\":\"Get Started\",\"button_url2\":\"#\",\"image\":\"home-slider-1578743366.jpg\"}', 0),
(7, 'Here creative & professional <span>PHP</span> template', NULL, 'slider', 'Lorem Ipsum is simply dummy text printer took a galley of type and scrambled it to make a type specimen book.', '{\"position\":\"c-right\",\"button_text1\":\"Read More\",\"button_url1\":\"#\",\"button_text2\":\"Contact us\",\"button_url2\":\"contact\",\"image\":\"home-slider-1578743373.jpg\"}', 0),
(8, 'Qualified Doctors', NULL, 'features', 'Nulla metus metus ullamcorper vel tincidunt sed euismod nibh Quisque volutpat condimentum velit class aptent taciti sociosqu.', '{\"button_text\":\"Read More\",\"button_url\":\"#\",\"icon\":\"fas fa-user-md\"}', 0),
(9, 'Regular Checkup', NULL, 'features', 'Nulla metus metus ullamcorper vel tincidunt sed euismod nibh Quisque volutpat condimentum velit class aptent taciti sociosqu.', '{\"button_text\":\"Read More\",\"button_url\":\"#\",\"icon\":\"fas fa-stethoscope\"}', 0),
(10, 'Neurosurgeon', NULL, 'features', 'Nulla metus metus ullamcorper vel tincidunt sed euismod nibh Quisque volutpat condimentum velit class aptent taciti sociosqu.', '{\"button_text\":\"Read More\",\"button_url\":\"#\",\"icon\":\"fas fa-vial\"}', 0),
(11, '24 Hours  Service', NULL, 'features', 'Nulla metus metus ullamcorper vel tincidunt sed euismod nibh Quisque volutpat condimentum velit class aptent taciti sociosqu.', '{\"button_text\":\"Read More\",\"button_url\":\"#\",\"icon\":\"far fa-clock\"}', 0),
(12, 'Our Happy Patients Opinion', NULL, 'testimonial', 'Lorem Ipsum is simply dummy text of the printing and typesetting industry.', '', 0);

-- --------------------------------------------------------

--
-- Table structure for table `front_cms_home_seo`
--

CREATE TABLE `front_cms_home_seo` (
  `id` int(11) NOT NULL,
  `page_title` varchar(255) NOT NULL,
  `meta_keyword` text NOT NULL,
  `meta_description` text NOT NULL
) ENGINE=InnoDB DEFAULT CHARSET=utf8;

--
-- Dumping data for table `front_cms_home_seo`
--

INSERT INTO `front_cms_home_seo` (`id`, `page_title`, `meta_keyword`, `meta_description`) VALUES
(1, 'Home', '', '');

-- --------------------------------------------------------

--
-- Table structure for table `front_cms_menu`
--

CREATE TABLE `front_cms_menu` (
  `id` int(11) NOT NULL,
  `title` varchar(100) NOT NULL,
  `alias` varchar(100) NOT NULL,
  `ordering` int(11) NOT NULL,
  `parent_id` int(11) DEFAULT 0,
  `open_new_tab` int(11) NOT NULL DEFAULT 0,
  `ext_url` int(11) NOT NULL DEFAULT 0,
  `ext_url_address` text DEFAULT NULL,
  `publish` int(11) NOT NULL,
  `system` varchar(10) NOT NULL,
  `created_at` datetime DEFAULT current_timestamp()
) ENGINE=InnoDB DEFAULT CHARSET=utf8;

--
-- Dumping data for table `front_cms_menu`
--

INSERT INTO `front_cms_menu` (`id`, `title`, `alias`, `ordering`, `parent_id`, `open_new_tab`, `ext_url`, `ext_url_address`, `publish`, `system`, `created_at`) VALUES
(1, 'Home', 'index', 1, 0, 0, 0, '', 1, '1', '2019-08-09 18:18:54'),
(2, 'Appointment', 'appointment', 3, 0, 0, 0, '', 1, '1', '2019-08-09 18:18:54'),
(3, 'Doctors', 'doctors', 2, 0, 0, 0, '', 1, '1', '2019-08-09 18:18:54'),
(4, 'About Us', 'about', 4, 0, 0, 0, '', 1, '1', '2019-08-09 18:18:54'),
(5, 'FAQ', 'faq', 5, 0, 0, 0, '', 1, '1', '2019-08-09 18:18:54'),
(6, 'Contact Us', 'contact', 6, 0, 0, 0, '', 1, '1', '2019-08-09 18:18:54');

-- --------------------------------------------------------

--
-- Table structure for table `front_cms_pages`
--

CREATE TABLE `front_cms_pages` (
  `id` int(11) NOT NULL,
  `page_title` varchar(255) NOT NULL,
  `content` longtext CHARACTER SET utf8 COLLATE utf8_unicode_ci NOT NULL,
  `menu_id` int(11) NOT NULL,
  `banner_image` varchar(255) DEFAULT NULL,
  `meta_description` text NOT NULL,
  `meta_keyword` text NOT NULL,
  `created_at` datetime NOT NULL DEFAULT current_timestamp(),
  `updated_at` datetime NOT NULL DEFAULT current_timestamp() ON UPDATE current_timestamp()
) ENGINE=InnoDB DEFAULT CHARSET=utf8;

-- --------------------------------------------------------

--
-- Table structure for table `front_cms_services`
--

CREATE TABLE `front_cms_services` (
  `id` int(11) NOT NULL,
  `title` varchar(255) DEFAULT NULL,
  `subtitle` varchar(255) DEFAULT NULL,
  `parallax_image` varchar(255) DEFAULT NULL
) ENGINE=InnoDB DEFAULT CHARSET=utf8;

--
-- Dumping data for table `front_cms_services`
--

INSERT INTO `front_cms_services` (`id`, `title`, `subtitle`, `parallax_image`) VALUES
(1, 'Get Well Soon', 'Our Hosptial <span>Services</span>', 'service_parallax.jpg');

-- --------------------------------------------------------

--
-- Table structure for table `front_cms_services_list`
--

CREATE TABLE `front_cms_services_list` (
  `id` int(11) NOT NULL,
  `title` varchar(255) DEFAULT NULL,
  `description` text DEFAULT NULL,
  `icon` varchar(255) DEFAULT NULL
) ENGINE=InnoDB DEFAULT CHARSET=utf8;

--
-- Dumping data for table `front_cms_services_list`
--

INSERT INTO `front_cms_services_list` (`id`, `title`, `description`, `icon`) VALUES
(1, 'First Aid', 'Making it look like readable English. Many desktop publishing packages and web page editors now use Lorem Ipsum as their default model text.', 'fas fa-medal'),
(2, 'Dental Care', 'Many desktop publishing packages and web page editors now use Lorem Ipsum as their default model text, and a search for \'lorem ipsum\' will uncover.', 'fas fa-heartbeat'),
(3, '24x7 Ambulance', 'Making it look like readable English. Many desktop publishing packages and web page editors now use Lorem Ipsum as their default model.', 'fas fa-ambulance'),
(4, 'Qualified Doctors', 'Many desktop publishing packages and web page editors now use Lorem Ipsum as their default model text, and a search for \'lorem ipsum\' will.', 'fas fa-capsules'),
(5, 'Medical Pharmacy', 'Making it look like readable English. Many desktop publishing packages and web page editors now use Lorem Ipsum as their default model text, and a search for \'lorem ipsum\' will uncover.', 'fas fa-stethoscope'),
(6, 'Pulmonary', 'Many desktop publishing packages and web page editors now use Lorem Ipsum as their default model text, and a for \'lorem ipsum\' will uncover.', 'fas fa-medkit');

-- --------------------------------------------------------

--
-- Table structure for table `front_cms_setting`
--

CREATE TABLE `front_cms_setting` (
  `id` int(11) NOT NULL,
  `application_title` varchar(255) NOT NULL,
  `captcha_status` varchar(20) NOT NULL,
  `recaptcha_site_key` varchar(255) NOT NULL,
  `recaptcha_secret_key` varchar(255) NOT NULL,
  `address` varchar(350) NOT NULL,
  `mobile_no` varchar(60) NOT NULL,
  `fax` varchar(60) NOT NULL,
  `receive_contact_email` varchar(255) NOT NULL,
  `email` varchar(60) NOT NULL,
  `footer_text` varchar(255) NOT NULL,
  `fav_icon` varchar(255) NOT NULL,
  `logo` varchar(255) NOT NULL,
  `working_hours` varchar(300) NOT NULL,
  `facebook_url` varchar(100) NOT NULL,
  `twitter_url` varchar(100) NOT NULL,
  `youtube_url` varchar(100) NOT NULL,
  `google_plus` varchar(100) NOT NULL,
  `linkedin_url` varchar(100) NOT NULL,
  `pinterest_url` varchar(100) NOT NULL,
  `instagram_url` varchar(100) NOT NULL
) ENGINE=InnoDB DEFAULT CHARSET=utf8;

--
-- Dumping data for table `front_cms_setting`
--

INSERT INTO `front_cms_setting` (`id`, `application_title`, `captcha_status`, `recaptcha_site_key`, `recaptcha_secret_key`, `address`, `mobile_no`, `fax`, `receive_contact_email`, `email`, `footer_text`, `fav_icon`, `logo`, `working_hours`, `facebook_url`, `twitter_url`, `youtube_url`, `google_plus`, `linkedin_url`, `pinterest_url`, `instagram_url`) VALUES
(1, 'Ramom - Diagnostic Management System With CMS', 'disable', '', '', '', '+1-954-648-1802', '001 - 785 987 1234', 'info@example.com', 'info@demo.com', ' 2019 <span>Ramom</span>. All Rights Reserved.', 'fav_icon.ico', 'logo.png', '<span>Hours : </span>  Mon To Fri - 9:00 - 20:00,  Sunday Closed', 'https://facebook.com', 'https://twitter.com', 'https://youtube.com', 'https://google.com', 'https://linkedin.com', 'https://pinterest.com', 'https://instagram.com');

-- --------------------------------------------------------

--
-- Table structure for table `front_cms_testimonial`
--

CREATE TABLE `front_cms_testimonial` (
  `id` int(11) NOT NULL,
  `patient_name` varchar(255) NOT NULL,
  `surname` varchar(355) NOT NULL,
  `image` varchar(255) NOT NULL,
  `description` text NOT NULL,
  `rank` int(5) NOT NULL,
  `created_by` int(11) NOT NULL,
  `created_at` datetime NOT NULL DEFAULT current_timestamp()
) ENGINE=InnoDB DEFAULT CHARSET=utf8;

--
-- Dumping data for table `front_cms_testimonial`
--

INSERT INTO `front_cms_testimonial` (`id`, `patient_name`, `surname`, `image`, `description`, `rank`, `created_by`, `created_at`) VALUES
(1, 'Gartrell Wright', 'Los Angeles', 'defualt.png', 'Intexure have done an excellent job presenting the analysis & insights. I am confident in saying  have helped encounter  is to be welcomed and every pain avoided.', 1, 1, '2019-08-23 18:26:42'),
(2, 'Clifton Hyde', 'Newyork City', 'defualt.png', 'Owing to the claims of duty or the obligations of business it will frequently occur that pleasures have to be repudiated and annoyances accepted always holds.', 4, 1, '2019-08-23 18:26:42'),
(3, 'Emily Lemus', 'Los Angeles', 'defualt.png', 'Intexure have done an excellent job presenting the analysis & insights. I am confident in saying  have helped encounter  is to be welcomed and every pain avoided.', 5, 1, '2019-08-23 18:26:42'),
(4, 'Michel Jhon', 'CEO', 'defualt.png', 'Owing to the claims of duty or the obligations of business it will frequently occur that pleasures have to be repudiated and annoyances accepted always holds.', 3, 1, '2019-08-23 18:26:42'),
(5, 'Hilda Howard', 'Chicago City', 'defualt.png', 'Owing to the claims of duty or the obligations of business it will frequently occur that pleasures have to be repudiated and annoyances accepted always holds.', 4, 1, '2019-08-23 18:26:42');

-- --------------------------------------------------------

--
-- Table structure for table `global_settings`
--

CREATE TABLE `global_settings` (
  `id` int(11) NOT NULL,
  `institute_name` varchar(255) NOT NULL,
  `institute_email` varchar(100) NOT NULL,
  `address` text NOT NULL,
  `mobileno` varchar(50) NOT NULL,
  `currency` varchar(50) NOT NULL,
  `currency_symbol` varchar(50) NOT NULL,
  `translation` varchar(20) NOT NULL,
  `footer_text` text NOT NULL,
  `animations` varchar(50) NOT NULL,
  `timezone` varchar(30) NOT NULL,
  `date_format` varchar(20) CHARACTER SET utf32 COLLATE utf32_unicode_ci NOT NULL,
  `facebook_url` varchar(255) NOT NULL,
  `twitter_url` varchar(255) NOT NULL,
  `linkedin_url` varchar(255) NOT NULL,
  `youtube_url` varchar(255) NOT NULL,
  `patient_start_id` varchar(255) DEFAULT NULL,
  `created_at` datetime NOT NULL DEFAULT current_timestamp(),
  `updated_at` datetime NOT NULL DEFAULT current_timestamp() ON UPDATE current_timestamp()
) ENGINE=InnoDB DEFAULT CHARSET=utf8;

--
-- Dumping data for table `global_settings`
--

INSERT INTO `global_settings` (`id`, `institute_name`, `institute_email`, `address`, `mobileno`, `currency`, `currency_symbol`, `translation`, `footer_text`, `animations`, `timezone`, `date_format`, `facebook_url`, `twitter_url`, `linkedin_url`, `youtube_url`, `patient_start_id`, `created_at`, `updated_at`) VALUES
(1, 'SmartTarget', 'Ramom@example.com', 'Sharq- Ahmed Al-Jaber Street\r\n', '+965 9800 8445', 'KWD', 'KWD', 'english', ' 2022 Developed by SmartTarget', 'fadeInUp', 'Asia/Kuwait', '%Y/%m/%d', 'https://www.facebook.com/smarttargetkwt/', 'https://www.instagram.com/smarttarget_kwt/', 'https://www.linkedin.com/company/smart-target-for-business-solutions/about/', 'https://www.youtube.com/channel/UCERZMjDzPFqpsKUwoXXeAnQ?view_as=subscriber', '1500', '2018-10-22 15:07:49', '2022-12-27 20:50:29');

-- --------------------------------------------------------

--
-- Table structure for table `labtest_bill`
--

CREATE TABLE `labtest_bill` (
  `id` int(11) NOT NULL,
  `bill_no` varchar(10) NOT NULL,
  `patient_id` int(11) NOT NULL,
  `referral_id` int(11) NOT NULL,
  `total` decimal(18,2) NOT NULL DEFAULT 0.00,
  `discount` decimal(18,2) NOT NULL DEFAULT 0.00,
  `tax_amount` decimal(18,2) NOT NULL DEFAULT 0.00,
  `commission` decimal(18,2) DEFAULT 0.00,
  `paid` decimal(18,2) NOT NULL DEFAULT 0.00,
  `due` decimal(18,2) NOT NULL DEFAULT 0.00,
  `status` tinyint(1) NOT NULL,
  `date` date DEFAULT NULL,
  `hash` varchar(50) NOT NULL,
  `prepared_by` int(11) NOT NULL,
  `created_at` datetime NOT NULL DEFAULT current_timestamp(),
  `updated_at` datetime NOT NULL DEFAULT current_timestamp() ON UPDATE current_timestamp()
) ENGINE=InnoDB DEFAULT CHARSET=utf8;

--
-- Dumping data for table `labtest_bill`
--

INSERT INTO `labtest_bill` (`id`, `bill_no`, `patient_id`, `referral_id`, `total`, `discount`, `tax_amount`, `commission`, `paid`, `due`, `status`, `date`, `hash`, `prepared_by`, `created_at`, `updated_at`) VALUES
(1, '0001', 1, 4, '2.00', '0.00', '0.00', '0.00', '2.00', '0.00', 3, '2022-12-31', 'bdb1a292c36f39da80a508e290cce58a', 1, '2022-12-31 15:52:08', '2022-12-31 15:53:30'),
(2, '0002', 1, 4, '2.00', '0.00', '0.00', '0.00', '2.00', '0.00', 3, '2023-01-01', '8b4a72c92f29b9d9f9ea75c034880e19', 1, '2023-01-01 20:11:05', '2023-01-01 20:11:05'),
(3, '0003', 1, 4, '2.00', '0.00', '0.00', '0.00', '2.00', '0.00', 3, '2023-01-01', 'ae299f60ba66e2dbbf62551b728578c4', 1, '2023-01-01 20:19:31', '2023-01-01 20:19:31'),
(4, '0004', 1, 4, '2.00', '0.00', '0.00', '0.00', '2.00', '0.00', 3, '2023-01-08', '302b390b5cde3b8f30288ecc3d6e1803', 1, '2023-01-01 20:22:11', '2023-01-01 20:22:11'),
(5, '0005', 1, 4, '2.00', '0.00', '0.00', '0.00', '2.00', '0.00', 3, '2023-01-01', '39e2e271a958f02e1bdb27703ac5be75', 1, '2023-01-01 20:53:39', '2023-01-01 20:53:39'),
(6, '0006', 1, 4, '2.00', '0.00', '0.00', '0.00', '2.00', '0.00', 3, '2023-01-01', '7ed56035ed8ec75ab3831f5d77509798', 1, '2023-01-01 20:56:02', '2023-01-01 20:56:02'),
(7, '0007', 1, 4, '2.00', '0.00', '0.00', '0.00', '2.00', '0.00', 3, '2023-01-01', '7aaa40b78c5e36689ae41cbd7d14f012', 1, '2023-01-01 20:57:05', '2023-01-01 20:57:05'),
(8, '0008', 1, 4, '2.00', '0.00', '0.00', '0.00', '2.00', '0.00', 3, '2023-01-01', '6a9abb28307c976eb977b33bb199112a', 1, '2023-01-01 20:57:23', '2023-01-01 20:57:23'),
(9, '0009', 1, 4, '2.00', '0.00', '0.00', '0.00', '2.00', '0.00', 3, '2023-01-01', '3252c09c715c7387b27ce1998bb6f7ca', 1, '2023-01-01 20:57:51', '2023-01-01 20:57:51'),
(10, '0010', 1, 4, '2.00', '0.00', '0.00', '0.00', '2.00', '0.00', 3, '2023-01-01', '643bb28d37dea8410b96e9957982d496', 1, '2023-01-01 20:58:04', '2023-01-01 20:58:04'),
(11, '0011', 1, 4, '2.00', '0.00', '0.00', '0.00', '2.00', '0.00', 3, '2023-01-01', '2a633fd7e2104bd015cf1b16fe44d39a', 1, '2023-01-01 21:03:54', '2023-01-01 21:03:54'),
(12, '0012', 1, 4, '2.00', '0.00', '0.00', '0.00', '2.00', '0.00', 3, '2023-01-01', 'a24f01b55969ce2d5fa4358a94978d6b', 1, '2023-01-01 21:04:03', '2023-01-01 21:04:03'),
(15, '0015', 1, 4, '2.00', '0.00', '0.00', '0.00', '2.00', '0.00', 3, '2023-01-01', '1fcf76455a857082f30152459c62e393', 1, '2023-01-01 21:07:18', '2023-01-01 21:07:18'),
(16, '0016', 1, 4, '2.00', '0.00', '0.00', '0.00', '2.00', '0.00', 3, '2023-01-01', '1d0764880775943525b48004f7c09ede', 1, '2023-01-01 21:10:01', '2023-01-01 21:10:01'),
(17, '0017', 1, 4, '2.00', '0.00', '0.00', '0.00', '2.00', '0.00', 3, '2023-01-01', '156a5a3f53d049133dfdea78bd9f2d10', 1, '2023-01-01 21:11:37', '2023-01-01 21:11:37'),
(19, '0019', 1, 4, '2.00', '0.00', '0.00', '0.00', '2.00', '0.00', 3, '2023-01-01', '75a9e9a78c168d6a2e84ded0081773da', 1, '2023-01-01 21:12:37', '2023-01-01 21:12:37'),
(20, '0020', 1, 4, '2.00', '0.00', '0.00', '0.00', '2.00', '0.00', 3, '2023-01-01', '4aa16c6b1a2de0592dbb7d040bdb9d5b', 1, '2023-01-01 21:12:52', '2023-01-01 21:12:52');

-- --------------------------------------------------------

--
-- Table structure for table `labtest_bill_details`
--

CREATE TABLE `labtest_bill_details` (
  `id` int(11) NOT NULL,
  `labtest_bill_id` int(11) NOT NULL,
  `category_id` int(11) NOT NULL,
  `test_id` int(11) NOT NULL,
  `price` decimal(18,2) NOT NULL DEFAULT 0.00,
  `discount` decimal(18,2) NOT NULL DEFAULT 0.00,
  `commission_amount` decimal(18,2) NOT NULL DEFAULT 0.00
) ENGINE=InnoDB DEFAULT CHARSET=utf8;

--
-- Dumping data for table `labtest_bill_details`
--

INSERT INTO `labtest_bill_details` (`id`, `labtest_bill_id`, `category_id`, `test_id`, `price`, `discount`, `commission_amount`) VALUES
(1, 1, 1, 1, '2.00', '0.00', '0.00'),
(2, 2, 1, 1, '2.00', '0.00', '0.00'),
(3, 3, 1, 1, '2.00', '0.00', '0.00'),
(4, 4, 1, 1, '2.00', '0.00', '0.00'),
(5, 9, 1, 1, '2.00', '0.00', '0.00'),
(6, 10, 1, 1, '2.00', '0.00', '0.00'),
(7, 11, 1, 1, '2.00', '0.00', '0.00'),
(8, 12, 1, 1, '2.00', '0.00', '0.00');

-- --------------------------------------------------------

--
-- Table structure for table `labtest_payment_history`
--

CREATE TABLE `labtest_payment_history` (
  `id` int(11) NOT NULL,
  `labtest_bill_id` int(11) NOT NULL,
  `collect_by` int(11) DEFAULT NULL,
  `amount` decimal(18,2) NOT NULL DEFAULT 0.00,
  `method_id` int(11) NOT NULL,
  `remarks` text NOT NULL,
  `paid_on` date NOT NULL,
  `coll_type` tinyint(4) NOT NULL DEFAULT 0
) ENGINE=InnoDB DEFAULT CHARSET=utf8;

--
-- Dumping data for table `labtest_payment_history`
--

INSERT INTO `labtest_payment_history` (`id`, `labtest_bill_id`, `collect_by`, `amount`, `method_id`, `remarks`, `paid_on`, `coll_type`) VALUES
(1, 1, 1, '2.00', 4, 'sdasdad', '2022-12-31', 1),
(2, 2, 1, '2.00', 0, 'hjhj', '2023-01-01', 0),
(3, 3, 1, '2.00', 0, 'as', '2023-01-01', 0),
(4, 4, 1, '2.00', 0, '', '2023-01-08', 0),
(5, 5, 1, '2.00', 0, '', '2023-01-01', 0),
(6, 6, 1, '2.00', 1, '', '2023-01-01', 0),
(7, 7, 1, '2.00', 1, '', '2023-01-01', 0),
(8, 8, 1, '2.00', 1, '', '2023-01-01', 0),
(9, 9, 1, '2.00', 1, '', '2023-01-01', 0),
(10, 10, 1, '2.00', 1, '', '2023-01-01', 0),
(11, 11, 1, '2.00', 1, '', '2023-01-01', 0),
(12, 12, 1, '2.00', 1, '', '2023-01-01', 0),
(15, 15, 1, '2.00', 1, '', '2023-01-01', 0),
(16, 16, 1, '2.00', 1, '', '2023-01-01', 0),
(17, 17, 1, '2.00', 1, '', '2023-01-01', 0),
(19, 19, 1, '2.00', 1, '', '2023-01-01', 0),
(20, 20, 1, '2.00', 1, '', '2023-01-01', 0);

-- --------------------------------------------------------

--
-- Table structure for table `labtest_report`
--

CREATE TABLE `labtest_report` (
  `id` int(11) NOT NULL,
  `labtest_bill_id` int(11) NOT NULL,
  `reporting_date` date DEFAULT NULL,
  `delivery_date` date DEFAULT NULL,
  `delivery_time` time DEFAULT NULL,
  `report_description` longtext DEFAULT NULL,
  `report_remarks` text DEFAULT NULL,
  `status` int(11) NOT NULL
) ENGINE=InnoDB DEFAULT CHARSET=utf8;

--
-- Dumping data for table `labtest_report`
--

INSERT INTO `labtest_report` (`id`, `labtest_bill_id`, `reporting_date`, `delivery_date`, `delivery_time`, `report_description`, `report_remarks`, `status`) VALUES
(1, 1, NULL, '2022-12-31', '16:00:00', NULL, 'sdasds', 1),
(2, 2, NULL, '2023-01-01', '20:15:00', NULL, 'klk', 1),
(3, 3, NULL, '2023-01-01', '20:30:00', NULL, 'asdas', 1),
(4, 4, NULL, '2023-01-01', '20:30:00', NULL, 'asd', 1),
(5, 9, NULL, '2023-01-01', '21:00:00', NULL, '', 1),
(6, 10, NULL, '2023-01-01', '21:00:00', NULL, '', 1),
(7, 11, NULL, '2023-01-01', '21:00:00', NULL, '', 1),
(8, 12, NULL, '2023-01-01', '21:00:00', NULL, '', 1);

-- --------------------------------------------------------

--
-- Table structure for table `lab_report_template`
--

CREATE TABLE `lab_report_template` (
  `id` int(11) NOT NULL,
  `name` varchar(50) NOT NULL,
  `template` longtext NOT NULL,
  `created_at` datetime NOT NULL DEFAULT current_timestamp(),
  `updated_at` datetime NOT NULL DEFAULT current_timestamp() ON UPDATE current_timestamp()
) ENGINE=InnoDB DEFAULT CHARSET=utf8;

-- --------------------------------------------------------

--
-- Table structure for table `lab_test`
--

CREATE TABLE `lab_test` (
  `id` int(11) NOT NULL,
  `category_id` int(11) NOT NULL,
  `name` varchar(155) NOT NULL,
  `patient_price` decimal(18,2) NOT NULL DEFAULT 0.00,
  `production_cost` decimal(18,2) NOT NULL DEFAULT 0.00,
  `test_code` varchar(20) NOT NULL,
  `date` date NOT NULL,
  `from_date` varchar(255) NOT NULL,
  `to_date` varchar(255) NOT NULL,
  `created_by` int(11) NOT NULL,
  `created_at` datetime NOT NULL DEFAULT current_timestamp(),
  `updated_at` datetime NOT NULL DEFAULT current_timestamp() ON UPDATE current_timestamp()
) ENGINE=InnoDB DEFAULT CHARSET=utf8;

--
-- Dumping data for table `lab_test`
--

INSERT INTO `lab_test` (`id`, `category_id`, `name`, `patient_price`, `production_cost`, `test_code`, `date`, `from_date`, `to_date`, `created_by`, `created_at`, `updated_at`) VALUES
(1, 1, 'Lab Test', '2.00', '2.00', 'asda', '2022-12-31', '', '', 1, '2022-12-31 15:50:51', '2023-01-01 20:38:03'),
(2, 1, 'Second Services', '2.00', '2.00', 'ad', '2023-01-04', '2023-01-06', '2023-01-07', 1, '2023-01-04 12:54:45', '2023-01-05 12:46:47');

-- --------------------------------------------------------

--
-- Table structure for table `lab_test_category`
--

CREATE TABLE `lab_test_category` (
  `id` int(11) NOT NULL,
  `name` varchar(200) NOT NULL,
  `created_at` datetime NOT NULL DEFAULT current_timestamp(),
  `updated_at` datetime NOT NULL DEFAULT current_timestamp() ON UPDATE current_timestamp()
) ENGINE=InnoDB DEFAULT CHARSET=utf8;

--
-- Dumping data for table `lab_test_category`
--

INSERT INTO `lab_test_category` (`id`, `name`, `created_at`, `updated_at`) VALUES
(1, 'First Caetgory', '2022-12-31 15:50:16', '2022-12-31 15:50:16');

-- --------------------------------------------------------

--
-- Table structure for table `languages`
--

CREATE TABLE `languages` (
  `id` int(11) NOT NULL,
  `word` varchar(100) CHARACTER SET utf8 COLLATE utf8_unicode_ci NOT NULL,
  `english` varchar(100) CHARACTER SET utf8 COLLATE utf8_unicode_ci NOT NULL,
  `bengali` varchar(100) CHARACTER SET utf8 COLLATE utf8_unicode_ci NOT NULL,
  `arabic` varchar(100) CHARACTER SET utf8 COLLATE utf8_unicode_ci NOT NULL,
  `german` varchar(100) CHARACTER SET utf8 COLLATE utf8_unicode_ci NOT NULL,
  `greek` varchar(100) COLLATE utf32_unicode_ci NOT NULL,
  `spanish` varchar(100) COLLATE utf32_unicode_ci NOT NULL,
  `french` varchar(100) COLLATE utf32_unicode_ci NOT NULL,
  `hindi` varchar(100) COLLATE utf32_unicode_ci NOT NULL,
  `hungarian` varchar(100) COLLATE utf32_unicode_ci NOT NULL,
  `indonesian` varchar(100) COLLATE utf32_unicode_ci NOT NULL,
  `italian` varchar(100) COLLATE utf32_unicode_ci NOT NULL,
  `japanese` varchar(100) COLLATE utf32_unicode_ci NOT NULL,
  `korean` varchar(100) COLLATE utf32_unicode_ci NOT NULL,
  `latin` varchar(100) COLLATE utf32_unicode_ci NOT NULL,
  `dutch` varchar(100) COLLATE utf32_unicode_ci NOT NULL,
  `portuguese` varchar(100) COLLATE utf32_unicode_ci NOT NULL,
  `russian` varchar(100) CHARACTER SET utf8 COLLATE utf8_unicode_ci NOT NULL,
  `thai` varchar(100) CHARACTER SET utf8 COLLATE utf8_unicode_ci NOT NULL,
  `turkish` varchar(100) CHARACTER SET utf8 COLLATE utf8_unicode_ci NOT NULL,
  `urdu` varchar(100) CHARACTER SET utf8 COLLATE utf8_unicode_ci NOT NULL,
  `chinese` varchar(100) CHARACTER SET utf8 COLLATE utf8_unicode_ci NOT NULL
) ENGINE=InnoDB DEFAULT CHARSET=utf32 COLLATE=utf32_unicode_ci;

--
-- Dumping data for table `languages`
--

INSERT INTO `languages` (`id`, `word`, `english`, `bengali`, `arabic`, `german`, `greek`, `spanish`, `french`, `hindi`, `hungarian`, `indonesian`, `italian`, `japanese`, `korean`, `latin`, `dutch`, `portuguese`, `russian`, `thai`, `turkish`, `urdu`, `chinese`) VALUES
(1, 'dashboard', 'Dashboard', '', '', '', '', '', '', '', '', '', '', '', '', '', '', '', '', '', '', '', ''),
(2, 'create', 'Create', '', '', '', '', '', '', '', '', '', '', '', '', '', '', '', '', '', '', '', ''),
(3, 'patient', 'Patient', '', '', '', '', '', '', '', '', '', '', '', '', '', '', '', '', '', '', '', ''),
(4, 'test', 'Test', '', '', '', '', '', '', '', '', '', '', '', '', '', '', '', '', '', '', '', ''),
(5, 'bill', 'Bill', '', '', '', '', '', '', '', '', '', '', '', '', '', '', '', '', '', '', '', ''),
(6, 'commission', 'Commission', '', '', '', '', '', '', '', '', '', '', '', '', '', '', '', '', '', '', '', ''),
(7, 'withdrawal', 'Withdrawal', '', '', '', '', '', '', '', '', '', '', '', '', '', '', '', '', '', '', '', ''),
(8, 'appointment', 'Appointment', '', '', '', '', '', '', '', '', '', '', '', '', '', '', '', '', '', '', '', ''),
(9, 'voucher', 'Voucher', '', '', '', '', '', '', '', '', '', '', '', '', '', '', '', '', '', '', '', ''),
(10, 'income_vs_expense', 'Income Vs Expense', '', '', '', '', '', '', '', '', '', '', '', '', '', '', '', '', '', '', '', ''),
(11, 'search', 'Search', '', '', '', '', '', '', '', '', '', '', '', '', '', '', '', '', '', '', '', ''),
(12, 'visit_home_page', 'Visit Home Page', '', '', '', '', '', '', '', '', '', '', '', '', '', '', '', '', '', '', '', ''),
(13, 'language', 'Language', '', '', '', '', '', '', '', '', '', '', '', '', '', '', '', '', '', '', '', ''),
(14, 'logout', 'Logout', '', '', '', '', '', '', '', '', '', '', '', '', '', '', '', '', '', '', '', ''),
(15, 'profile', 'Profile', '', '', '', '', '', '', '', '', '', '', '', '', '', '', '', '', '', '', '', ''),
(16, 'reset_password', 'Reset Password', '', '', '', '', '', '', '', '', '', '', '', '', '', '', '', '', '', '', '', ''),
(17, 'global', 'Global', '', '', '', '', '', '', '', '', '', '', '', '', '', '', '', '', '', '', '', ''),
(18, 'settings', 'Settings', '', '', '', '', '', '', '', '', '', '', '', '', '', '', '', '', '', '', '', ''),
(19, 'frontend', 'Frontend', '', '', '', '', '', '', '', '', '', '', '', '', '', '', '', '', '', '', '', ''),
(20, 'setting', 'Setting', '', '', '', '', '', '', '', '', '', '', '', '', '', '', '', '', '', '', '', ''),
(21, 'menu', 'Menu', '', '', '', '', '', '', '', '', '', '', '', '', '', '', '', '', '', '', '', ''),
(22, 'page', 'Page', '', '', '', '', '', '', '', '', '', '', '', '', '', '', '', '', '', '', '', ''),
(23, 'section', 'Section', '', '', '', '', '', '', '', '', '', '', '', '', '', '', '', '', '', '', '', ''),
(24, 'manage', 'Manage', '', '', '', '', '', '', '', '', '', '', '', '', '', '', '', '', '', '', '', ''),
(25, 'slider', 'Slider', '', '', '', '', '', '', '', '', '', '', '', '', '', '', '', '', '', '', '', ''),
(26, 'features', 'Features', '', '', '', '', '', '', '', '', '', '', '', '', '', '', '', '', '', '', '', ''),
(27, 'testimonial', 'Testimonial', '', '', '', '', '', '', '', '', '', '', '', '', '', '', '', '', '', '', '', ''),
(28, 'service', 'Service', '', '', '', '', '', '', '', '', '', '', '', '', '', '', '', '', '', '', '', ''),
(29, 'faq', 'Faq', '', '', '', '', '', '', '', '', '', '', '', '', '', '', '', '', '', '', '', ''),
(30, 'details', 'Details', '', '', '', '', '', '', '', '', '', '', '', '', '', '', '', '', '', '', '', ''),
(31, 'list', 'List', '', '', '', '', '', '', '', '', '', '', '', '', '', '', '', '', '', '', '', ''),
(32, 'category', 'Category', '', '', '', '', '', '', '', '', '', '', '', '', '', '', '', '', '', '', '', ''),
(33, 'login_deactivate', 'Login Deactivate', '', '', '', '', '', '', '', '', '', '', '', '', '', '', '', '', '', '', '', ''),
(34, 'inventory', 'Inventory', '', '', '', '', '', '', '', '', '', '', '', '', '', '', '', '', '', '', '', ''),
(35, 'chemical', 'Chemical', '', '', '', '', '', '', '', '', '', '', '', '', '', '', '', '', '', '', '', ''),
(36, 'supplier', 'Supplier', '', '', '', '', '', '', '', '', '', '', '', '', '', '', '', '', '', '', '', ''),
(37, 'unit', 'Unit', '', '', '', '', '', '', '', '', '', '', '', '', '', '', '', '', '', '', '', ''),
(38, 'purchase', 'Purchase', '', '', '', '', '', '', '', '', '', '', '', '', '', '', '', '', '', '', '', ''),
(39, 'stock', 'Stock', '', '', '', '', '', '', '', '', '', '', '', '', '', '', '', '', '', '', '', ''),
(40, 'reagent', 'Reagent', '', '', '', '', '', '', '', '', '', '', '', '', '', '', '', '', '', '', '', ''),
(41, 'assigned', 'Assigned', '', '', '', '', '', '', '', '', '', '', '', '', '', '', '', '', '', '', '', ''),
(42, 'reports', 'Reports', '', '', '', '', '', '', '', '', '', '', '', '', '', '', '', '', '', '', '', ''),
(43, 'report', 'Report', '', '', '', '', '', '', '', '', '', '', '', '', '', '', '', '', '', '', '', ''),
(44, 'payment', 'Payment', '', '', '', '', '', '', '', '', '', '', '', '', '', '', '', '', '', '', '', ''),
(45, 'schedule', 'Schedule', '', '', '', '', '', '', '', '', '', '', '', '', '', '', '', '', '', '', '', ''),
(46, 'add', 'Add', '', '', '', '', '', '', '', '', '', '', '', '', '', '', '', '', '', '', '', ''),
(47, 'requested_list', 'Requested List', '', '', '', '', '', '', '', '', '', '', '', '', '', '', '', '', '', '', '', ''),
(48, 'employee', 'Employee', '', '', '', '', '', '', '', '', '', '', '', '', '', '', '', '', '', '', '', ''),
(49, 'department', 'Department', '', '', '', '', '', '', '', '', '', '', '', '', '', '', '', '', '', '', '', ''),
(50, 'designation', 'Designation', '', '', '', '', '', '', '', '', '', '', '', '', '', '', '', '', '', '', '', ''),
(51, 'hrm', 'Human Resource', '', '', '', '', '', '', '', '', '', '', '', '', '', '', '', '', '', '', '', ''),
(52, 'payroll', 'Payroll', '', '', '', '', '', '', '', '', '', '', '', '', '', '', '', '', '', '', '', ''),
(53, 'salary', 'Salary', '', '', '', '', '', '', '', '', '', '', '', '', '', '', '', '', '', '', '', ''),
(54, 'template', 'Template', '', '', '', '', '', '', '', '', '', '', '', '', '', '', '', '', '', '', '', ''),
(55, 'assign', 'Assign', '', '', '', '', '', '', '', '', '', '', '', '', '', '', '', '', '', '', '', ''),
(56, 'summary', 'Summary', '', '', '', '', '', '', '', '', '', '', '', '', '', '', '', '', '', '', '', ''),
(57, 'leaves', 'Leaves', '', '', '', '', '', '', '', '', '', '', '', '', '', '', '', '', '', '', '', ''),
(58, 'my_leave', 'My Leave', '', '', '', '', '', '', '', '', '', '', '', '', '', '', '', '', '', '', '', ''),
(59, 'leave_manage', 'Leave Manage', '', '', '', '', '', '', '', '', '', '', '', '', '', '', '', '', '', '', '', ''),
(60, 'attendance', 'Attendance', '', '', '', '', '', '', '', '', '', '', '', '', '', '', '', '', '', '', '', ''),
(61, 'set', 'Set', '', '', '', '', '', '', '', '', '', '', '', '', '', '', '', '', '', '', '', ''),
(62, 'pathology', 'Pathology', '', '', '', '', '', '', '', '', '', '', '', '', '', '', '', '', '', '', '', ''),
(63, 'lab', 'Lab', '', '', '', '', '', '', '', '', '', '', '', '', '', '', '', '', '', '', '', ''),
(64, 'refer_manager', 'Refer Manager', '', '', '', '', '', '', '', '', '', '', '', '', '', '', '', '', '', '', '', ''),
(65, 'referral', 'Referral', '', '', '', '', '', '', '', '', '', '', '', '', '', '', '', '', '', '', '', ''),
(66, 'my_commission', 'My Commission', '', '', '', '', '', '', '', '', '', '', '', '', '', '', '', '', '', '', '', ''),
(67, 'statement', 'Statement', '', '', '', '', '', '', '', '', '', '', '', '', '', '', '', '', '', '', '', ''),
(68, 'payout', 'Payout', '', '', '', '', '', '', '', '', '', '', '', '', '', '', '', '', '', '', '', ''),
(69, 'office_accounting', 'Office Accounting', '', '', '', '', '', '', '', '', '', '', '', '', '', '', '', '', '', '', '', ''),
(70, 'account', 'Account', '', '', '', '', '', '', '', '', '', '', '', '', '', '', '', '', '', '', '', ''),
(71, 'head', 'Head', '', '', '', '', '', '', '', '', '', '', '', '', '', '', '', '', '', '', '', ''),
(72, 'income', 'Income', '', '', '', '', '', '', '', '', '', '', '', '', '', '', '', '', '', '', '', ''),
(73, 'repots', 'Repots', '', '', '', '', '', '', '', '', '', '', '', '', '', '', '', '', '', '', '', ''),
(74, 'expense', 'Expense', '', '', '', '', '', '', '', '', '', '', '', '', '', '', '', '', '', '', '', ''),
(75, 'transitions', 'Transitions', '', '', '', '', '', '', '', '', '', '', '', '', '', '', '', '', '', '', '', ''),
(76, 'balance', 'Balance', '', '', '', '', '', '', '', '', '', '', '', '', '', '', '', '', '', '', '', ''),
(77, 'sheet', 'Sheet', '', '', '', '', '', '', '', '', '', '', '', '', '', '', '', '', '', '', '', ''),
(78, 'billing', 'Billing', '', '', '', '', '', '', '', '', '', '', '', '', '', '', '', '', '', '', '', ''),
(79, 'due', 'Due', '', '', '', '', '', '', '', '', '', '', '', '', '', '', '', '', '', '', '', ''),
(80, 'paid', 'Paid', '', '', '', '', '', '', '', '', '', '', '', '', '', '', '', '', '', '', '', ''),
(81, 'collect', 'Collect', '', '', '', '', '', '', '', '', '', '', '', '', '', '', '', '', '', '', '', ''),
(82, 'investigation', 'Investigation', '', '', '', '', '', '', '', '', '', '', '', '', '', '', '', '', '', '', '', ''),
(83, 'sms', 'Sms', '', '', '', '', '', '', '', '', '', '', '', '', '', '', '', '', '', '', '', ''),
(84, 'email', 'Email', '', '', '', '', '', '', '', '', '', '', '', '', '', '', '', '', '', '', '', ''),
(85, 'role', 'Role', '', '', '', '', '', '', '', '', '', '', '', '', '', '', '', '', '', '', '', ''),
(86, 'permission', 'Permission', '', '', '', '', '', '', '', '', '', '', '', '', '', '', '', '', '', '', '', ''),
(87, 'database', 'Database', '', '', '', '', '', '', '', '', '', '', '', '', '', '', '', '', '', '', '', ''),
(88, 'backup', 'Backup', '', '', '', '', '', '', '', '', '', '', '', '', '', '', '', '', '', '', '', ''),
(89, 'invoice', 'Invoice', '', '', '', '', '', '', '', '', '', '', '', '', '', '', '', '', '', '', '', ''),
(90, 'today_total', 'Today Total', '', '', '', '', '', '', '', '', '', '', '', '', '', '', '', '', '', '', '', ''),
(91, 'annual', 'Annual', '', '', '', '', '', '', '', '', '', '', '', '', '', '', '', '', '', '', '', ''),
(92, 'total_strength', 'Total Strength', '', '', '', '', '', '', '', '', '', '', '', '', '', '', '', '', '', '', '', ''),
(93, 'doctor', 'Doctor', '', '', '', '', '', '', '', '', '', '', '', '', '', '', '', '', '', '', '', ''),
(94, 'pending', 'Pending', '', '', '', '', '', '', '', '', '', '', '', '', '', '', '', '', '', '', '', ''),
(95, 'request', 'Request', '', '', '', '', '', '', '', '', '', '', '', '', '', '', '', '', '', '', '', ''),
(96, 'fees', 'Fees', '', '', '', '', '', '', '', '', '', '', '', '', '', '', '', '', '', '', '', ''),
(97, 'net', 'Net', '', '', '', '', '', '', '', '', '', '', '', '', '', '', '', '', '', '', '', ''),
(98, 'payable', 'Payable', '', '', '', '', '', '', '', '', '', '', '', '', '', '', '', '', '', '', '', ''),
(99, 'total', 'Total', '', '', '', '', '', '', '', '', '', '', '', '', '', '', '', '', '', '', '', ''),
(100, 'this_value_is_required', 'This Value Is Required', '', '', '', '', '', '', '', '', '', '', '', '', '', '', '', '', '', '', '', ''),
(101, 'enter_valid_email', 'Enter Valid Email', '', '', '', '', '', '', '', '', '', '', '', '', '', '', '', '', '', '', '', ''),
(102, 'are_you_sure', 'Are You Sure', '', '', '', '', '', '', '', '', '', '', '', '', '', '', '', '', '', '', '', ''),
(103, 'delete_this_information', 'Delete This Information', '', '', '', '', '', '', '', '', '', '', '', '', '', '', '', '', '', '', '', ''),
(104, 'yes_continue', 'Yes Continue', '', '', '', '', '', '', '', '', '', '', '', '', '', '', '', '', '', '', '', ''),
(105, 'cancel', 'Cancel', '', '', '', '', '', '', '', '', '', '', '', '', '', '', '', '', '', '', '', ''),
(106, 'deleted_note', '*Note : This Data Will Be Permanently Deleted', '', '', '', '', '', '', '', '', '', '', '', '', '', '', '', '', '', '', '', ''),
(107, 'deleted', 'Deleted', '', '', '', '', '', '', '', '', '', '', '', '', '', '', '', '', '', '', '', ''),
(108, 'information_deleted', 'Information Deleted', '', '', '', '', '', '', '', '', '', '', '', '', '', '', '', '', '', '', '', ''),
(109, 'website', 'Website', '', '', '', '', '', '', '', '', '', '', '', '', '', '', '', '', '', '', '', ''),
(110, 'application', 'Application', '', '', '', '', '', '', '', '', '', '', '', '', '', '', '', '', '', '', '', ''),
(111, 'name', 'Name', '', '', '', '', '', '', '', '', '', '', '', '', '', '', '', '', '', '', '', ''),
(112, 'receive_email_to', 'Receive Email To', '', '', '', '', '', '', '', '', '', '', '', '', '', '', '', '', '', '', '', ''),
(113, 'captcha_status', 'Captcha Status', '', '', '', '', '', '', '', '', '', '', '', '', '', '', '', '', '', '', '', ''),
(114, 'select', 'Select', '', '', '', '', '', '', '', '', '', '', '', '', '', '', '', '', '', '', '', ''),
(115, 'disable', 'Disable', '', '', '', '', '', '', '', '', '', '', '', '', '', '', '', '', '', '', '', ''),
(116, 'enable', 'Enable', '', '', '', '', '', '', '', '', '', '', '', '', '', '', '', '', '', '', '', ''),
(117, 'recaptcha_site_key', 'Recaptcha Site Key', '', '', '', '', '', '', '', '', '', '', '', '', '', '', '', '', '', '', '', ''),
(118, 'recaptcha_secret_key', 'Recaptcha Secret Key', '', '', '', '', '', '', '', '', '', '', '', '', '', '', '', '', '', '', '', ''),
(119, 'working_hours', 'Working Hours', '', '', '', '', '', '', '', '', '', '', '', '', '', '', '', '', '', '', '', ''),
(120, 'logo', 'Logo', '', '', '', '', '', '', '', '', '', '', '', '', '', '', '', '', '', '', '', ''),
(121, 'fav_icon', 'Fav Icon', '', '', '', '', '', '', '', '', '', '', '', '', '', '', '', '', '', '', '', ''),
(122, 'address', 'Address', '', '', '', '', '', '', '', '', '', '', '', '', '', '', '', '', '', '', '', ''),
(123, 'mobile_no', 'Mobile No', '', '', '', '', '', '', '', '', '', '', '', '', '', '', '', '', '', '', '', ''),
(124, 'fax', 'Fax', '', '', '', '', '', '', '', '', '', '', '', '', '', '', '', '', '', '', '', ''),
(125, 'footer_text', 'Footer Text', '', '', '', '', '', '', '', '', '', '', '', '', '', '', '', '', '', '', '', ''),
(126, 'facebook_url', 'Facebook Url', '', '', '', '', '', '', '', '', '', '', '', '', '', '', '', '', '', '', '', ''),
(127, 'twitter_url', 'Twitter Url', '', '', '', '', '', '', '', '', '', '', '', '', '', '', '', '', '', '', '', ''),
(128, 'youtube_url', 'Youtube Url', '', '', '', '', '', '', '', '', '', '', '', '', '', '', '', '', '', '', '', ''),
(129, 'google_plus', 'Google Plus', '', '', '', '', '', '', '', '', '', '', '', '', '', '', '', '', '', '', '', ''),
(130, 'linkedin_url', 'Linkedin Url', '', '', '', '', '', '', '', '', '', '', '', '', '', '', '', '', '', '', '', ''),
(131, 'pinterest_url', 'Pinterest Url', '', '', '', '', '', '', '', '', '', '', '', '', '', '', '', '', '', '', '', ''),
(132, 'instagram_url', 'Instagram Url', '', '', '', '', '', '', '', '', '', '', '', '', '', '', '', '', '', '', '', ''),
(133, 'save', 'Save', '', '', '', '', '', '', '', '', '', '', '', '', '', '', '', '', '', '', '', ''),
(134, 'website_page', 'Website Page', '', '', '', '', '', '', '', '', '', '', '', '', '', '', '', '', '', '', '', ''),
(135, 'welcome', 'Welcome', '', '', '', '', '', '', '', '', '', '', '', '', '', '', '', '', '', '', '', ''),
(136, 'message', 'Message', '', '', '', '', '', '', '', '', '', '', '', '', '', '', '', '', '', '', '', ''),
(137, 'doctors', 'Doctors', '', '', '', '', '', '', '', '', '', '', '', '', '', '', '', '', '', '', '', ''),
(138, 'services', 'Services', '', '', '', '', '', '', '', '', '', '', '', '', '', '', '', '', '', '', '', ''),
(139, 'call_to_action_section', 'Call To Action Section', '', '', '', '', '', '', '', '', '', '', '', '', '', '', '', '', '', '', '', ''),
(140, 'options', 'Options', '', '', '', '', '', '', '', '', '', '', '', '', '', '', '', '', '', '', '', ''),
(141, 'title', 'Title', '', '', '', '', '', '', '', '', '', '', '', '', '', '', '', '', '', '', '', ''),
(142, 'subtitle', 'Subtitle', '', '', '', '', '', '', '', '', '', '', '', '', '', '', '', '', '', '', '', ''),
(143, 'description', 'Description', '', '', '', '', '', '', '', '', '', '', '', '', '', '', '', '', '', '', '', ''),
(144, 'photo', 'Photo', '', '', '', '', '', '', '', '', '', '', '', '', '', '', '', '', '', '', '', ''),
(145, 'cta', 'Cta', '', '', '', '', '', '', '', '', '', '', '', '', '', '', '', '', '', '', '', ''),
(146, 'button_text', 'Button Text', '', '', '', '', '', '', '', '', '', '', '', '', '', '', '', '', '', '', '', ''),
(147, 'button_url', 'Button Url', '', '', '', '', '', '', '', '', '', '', '', '', '', '', '', '', '', '', '', ''),
(148, '_title', ' Title', '', '', '', '', '', '', '', '', '', '', '', '', '', '', '', '', '', '', '', ''),
(149, 'meta', 'Meta', '', '', '', '', '', '', '', '', '', '', '', '', '', '', '', '', '', '', '', ''),
(150, 'keyword', 'Keyword', '', '', '', '', '', '', '', '', '', '', '', '', '', '', '', '', '', '', '', ''),
(151, 'banner_photo', 'Banner Photo', '', '', '', '', '', '', '', '', '', '', '', '', '', '', '', '', '', '', '', ''),
(152, 'about', 'About', '', '', '', '', '', '', '', '', '', '', '', '', '', '', '', '', '', '', '', ''),
(153, 'content', 'Content', '', '', '', '', '', '', '', '', '', '', '', '', '', '', '', '', '', '', '', ''),
(154, 'about_photo', 'About Photo', '', '', '', '', '', '', '', '', '', '', '', '', '', '', '', '', '', '', '', ''),
(155, 'parallax_photo', 'Parallax Photo', '', '', '', '', '', '', '', '', '', '', '', '', '', '', '', '', '', '', '', ''),
(156, 'sl', 'Sl', '', '', '', '', '', '', '', '', '', '', '', '', '', '', '', '', '', '', '', ''),
(157, 'url', 'Url', '', '', '', '', '', '', '', '', '', '', '', '', '', '', '', '', '', '', '', ''),
(158, 'action', 'Action', '', '', '', '', '', '', '', '', '', '', '', '', '', '', '', '', '', '', '', ''),
(159, 'my_appointment', 'My Appointment', '', '', '', '', '', '', '', '', '', '', '', '', '', '', '', '', '', '', '', ''),
(160, 'appointment_status', 'Appointment Status', '', '', '', '', '', '', '', '', '', '', '', '', '', '', '', '', '', '', '', ''),
(161, 'date', 'Date', '', '', '', '', '', '', '', '', '', '', '', '', '', '', '', '', '', '', '', ''),
(162, 'time_slot', 'Time Slot', '', '', '', '', '', '', '', '', '', '', '', '', '', '', '', '', '', '', '', ''),
(163, 'consultation_fees', 'Consultation Fees', '', '', '', '', '', '', '', '', '', '', '', '', '', '', '', '', '', '', '', ''),
(164, 'discount', 'Discount', '', '', '', '', '', '', '', '', '', '', '', '', '', '', '', '', '', '', '', ''),
(165, 'remarks', 'Remarks', '', '', '', '', '', '', '', '', '', '', '', '', '', '', '', '', '', '', '', ''),
(166, 'exploring', 'Exploring', '', '', '', '', '', '', '', '', '', '', '', '', '', '', '', '', '', '', '', ''),
(167, 'no_schedule_found', 'No Schedule Found', '', '', '', '', '', '', '', '', '', '', '', '', '', '', '', '', '', '', '', ''),
(168, 'information_has_been_saved_successfully', 'Information Has Been Saved Successfully', '', '', '', '', '', '', '', '', '', '', '', '', '', '', '', '', '', '', '', ''),
(169, 'id', 'Id', '', '', '', '', '', '', '', '', '', '', '', '', '', '', '', '', '', '', '', ''),
(170, 'consultation', 'Consultation', '', '', '', '', '', '', '', '', '', '', '', '', '', '', '', '', '', '', '', ''),
(171, 'serial', 'Serial', '', '', '', '', '', '', '', '', '', '', '', '', '', '', '', '', '', '', '', ''),
(172, 'status', 'Status', '', '', '', '', '', '', '', '', '', '', '', '', '', '', '', '', '', '', '', ''),
(173, 'confirmed', 'Confirmed', '', '', '', '', '', '', '', '', '', '', '', '', '', '', '', '', '', '', '', ''),
(174, 'available', 'Available', '', '', '', '', '', '', '', '', '', '', '', '', '', '', '', '', '', '', '', ''),
(175, 'staff_id', 'Staff Id', '', '', '', '', '', '', '', '', '', '', '', '', '', '', '', '', '', '', '', ''),
(176, 'general', 'General', '', '', '', '', '', '', '', '', '', '', '', '', '', '', '', '', '', '', '', ''),
(177, 'theme', 'Theme', '', '', '', '', '', '', '', '', '', '', '', '', '', '', '', '', '', '', '', ''),
(178, 'institute_name', 'Institute Name', '', '', '', '', '', '', '', '', '', '', '', '', '', '', '', '', '', '', '', ''),
(179, 'currency', 'Currency', '', '', '', '', '', '', '', '', '', '', '', '', '', '', '', '', '', '', '', ''),
(180, 'currency_symbol', 'Currency Symbol', '', '', '', '', '', '', '', '', '', '', '', '', '', '', '', '', '', '', '', ''),
(181, 'timezone', 'Timezone', '', '', '', '', '', '', '', '', '', '', '', '', '', '', '', '', '', '', '', ''),
(182, 'date_format', 'Date Format', '', '', '', '', '', '', '', '', '', '', '', '', '', '', '', '', '', '', '', ''),
(183, 'system_logo', 'System Logo', '', '', '', '', '', '', '', '', '', '', '', '', '', '', '', '', '', '', '', ''),
(184, 'text_logo', 'Text Logo', '', '', '', '', '', '', '', '', '', '', '', '', '', '', '', '', '', '', '', ''),
(185, 'upload', 'Upload', '', '', '', '', '', '', '', '', '', '', '', '', '', '', '', '', '', '', '', ''),
(186, 'select_ground', 'Select Ground', '', '', '', '', '', '', '', '', '', '', '', '', '', '', '', '', '', '', '', ''),
(187, 'filter', 'Filter', '', '', '', '', '', '', '', '', '', '', '', '', '', '', '', '', '', '', '', ''),
(188, 'bill_no', 'Bill No', '', '', '', '', '', '', '', '', '', '', '', '', '', '', '', '', '', '', '', ''),
(189, 'delivery', 'Delivery', '', '', '', '', '', '', '', '', '', '', '', '', '', '', '', '', '', '', '', ''),
(190, 'lab_test', 'Lab Test', '', '', '', '', '', '', '', '', '', '', '', '', '', '', '', '', '', '', '', ''),
(191, 'edit', 'Edit', '', '', '', '', '', '', '', '', '', '', '', '', '', '', '', '', '', '', '', ''),
(192, 'code', 'Code', '', '', '', '', '', '', '', '', '', '', '', '', '', '', '', '', '', '', '', ''),
(193, 'purchase_unit', 'Purchase Unit', '', '', '', '', '', '', '', '', '', '', '', '', '', '', '', '', '', '', '', ''),
(194, 'sale_unit', 'Sale Unit', '', '', '', '', '', '', '', '', '', '', '', '', '', '', '', '', '', '', '', ''),
(195, 'unit_ratio', 'Unit Ratio', '', '', '', '', '', '', '', '', '', '', '', '', '', '', '', '', '', '', '', ''),
(196, 'purchase_price', 'Purchase Price', '', '', '', '', '', '', '', '', '', '', '', '', '', '', '', '', '', '', '', ''),
(197, 'sales_price', 'Sales Price', '', '', '', '', '', '', '', '', '', '', '', '', '', '', '', '', '', '', '', ''),
(198, 'all_select', 'All Select', '', '', '', '', '', '', '', '', '', '', '', '', '', '', '', '', '', '', '', ''),
(199, 'unpaid', 'Unpaid', '', '', '', '', '', '', '', '', '', '', '', '', '', '', '', '', '', '', '', ''),
(200, 'partly_paid', 'Partly Paid', '', '', '', '', '', '', '', '', '', '', '', '', '', '', '', '', '', '', '', ''),
(201, 'total_paid', 'Total Paid', '', '', '', '', '', '', '', '', '', '', '', '', '', '', '', '', '', '', '', ''),
(202, 'type', 'Type', '', '', '', '', '', '', '', '', '', '', '', '', '', '', '', '', '', '', '', ''),
(203, 'ref_no', 'Ref No', '', '', '', '', '', '', '', '', '', '', '', '', '', '', '', '', '', '', '', ''),
(204, 'pay_via', 'Pay Via', '', '', '', '', '', '', '', '', '', '', '', '', '', '', '', '', '', '', '', ''),
(205, 'amount', 'Amount', '', '', '', '', '', '', '', '', '', '', '', '', '', '', '', '', '', '', '', ''),
(206, 'dr', 'Dr', '', '', '', '', '', '', '', '', '', '', '', '', '', '', '', '', '', '', '', ''),
(207, 'cr', 'Cr', '', '', '', '', '', '', '', '', '', '', '', '', '', '', '', '', '', '', '', ''),
(208, 'ref', 'Ref', '', '', '', '', '', '', '', '', '', '', '', '', '', '', '', '', '', '', '', ''),
(209, 'attachment', 'Attachment', '', '', '', '', '', '', '', '', '', '', '', '', '', '', '', '', '', '', '', ''),
(210, 'login', 'Login', '', '', '', '', '', '', '', '', '', '', '', '', '', '', '', '', '', '', '', ''),
(211, 'welcome_to', 'Welcome To', '', '', '', '', '', '', '', '', '', '', '', '', '', '', '', '', '', '', '', ''),
(212, 'username', 'Username', '', '', '', '', '', '', '', '', '', '', '', '', '', '', '', '', '', '', '', ''),
(213, 'password', 'Password', '', '', '', '', '', '', '', '', '', '', '', '', '', '', '', '', '', '', '', ''),
(214, 'remember', 'Remember', '', '', '', '', '', '', '', '', '', '', '', '', '', '', '', '', '', '', '', ''),
(215, 'lose_your_password', 'Lose Your Password', '', '', '', '', '', '', '', '', '', '', '', '', '', '', '', '', '', '', '', ''),
(216, 'position', 'Position', '', '', '', '', '', '', '', '', '', '', '', '', '', '', '', '', '', '', '', ''),
(217, 'publish', 'Publish', '', '', '', '', '', '', '', '', '', '', '', '', '', '', '', '', '', '', '', ''),
(218, 'target_new_window', 'Target New Window', '', '', '', '', '', '', '', '', '', '', '', '', '', '', '', '', '', '', '', ''),
(219, 'external_url', 'External Url', '', '', '', '', '', '', '', '', '', '', '', '', '', '', '', '', '', '', '', ''),
(220, 'external_link', 'External Link', '', '', '', '', '', '', '', '', '', '', '', '', '', '', '', '', '', '', '', ''),
(221, 'successfully', 'Successfully', '', '', '', '', '', '', '', '', '', '', '', '', '', '', '', '', '', '', '', ''),
(222, 'access_denied', 'Access Denied', '', '', '', '', '', '', '', '', '', '', '', '', '', '', '', '', '', '', '', ''),
(223, 'username_has_already_been_used', 'Username Has Already Been Used', '', '', '', '', '', '', '', '', '', '', '', '', '', '', '', '', '', '', '', ''),
(224, 'week_day', 'Week Day', '', '', '', '', '', '', '', '', '', '', '', '', '', '', '', '', '', '', '', ''),
(225, 'time_start', 'Time Start', '', '', '', '', '', '', '', '', '', '', '', '', '', '', '', '', '', '', '', ''),
(226, 'time_end', 'Time End', '', '', '', '', '', '', '', '', '', '', '', '', '', '', '', '', '', '', '', ''),
(227, 'per_patient_duration', 'Per Patient Duration', '', '', '', '', '', '', '', '', '', '', '', '', '', '', '', '', '', '', '', ''),
(228, 'make_closed', 'Make Closed', '', '', '', '', '', '', '', '', '', '', '', '', '', '', '', '', '', '', '', ''),
(229, 'the_consultation_completed', 'The Consultation Completed', '', '', '', '', '', '', '', '', '', '', '', '', '', '', '', '', '', '', '', ''),
(230, 'done', 'Done', '', '', '', '', '', '', '', '', '', '', '', '', '', '', '', '', '', '', '', ''),
(231, 'the_consultation_has_been_closed', 'The Consultation Has Been Closed', '', '', '', '', '', '', '', '', '', '', '', '', '', '', '', '', '', '', '', ''),
(232, 'requested', 'Requested', '', '', '', '', '', '', '', '', '', '', '', '', '', '', '', '', '', '', '', ''),
(233, 'create_at', 'Create At', '', '', '', '', '', '', '', '', '', '', '', '', '', '', '', '', '', '', '', ''),
(234, 'canceled', 'Canceled', '', '', '', '', '', '', '', '', '', '', '', '', '', '', '', '', '', '', '', ''),
(235, 'apply', 'Apply', '', '', '', '', '', '', '', '', '', '', '', '', '', '', '', '', '', '', '', ''),
(236, 'close', 'Close', '', '', '', '', '', '', '', '', '', '', '', '', '', '', '', '', '', '', '', ''),
(237, 'information_has_been_updated_successfully', 'Information Has Been Updated Successfully', '', '', '', '', '', '', '', '', '', '', '', '', '', '', '', '', '', '', '', ''),
(238, 'birthday', 'Birthday', '', '', '', '', '', '', '', '', '', '', '', '', '', '', '', '', '', '', '', ''),
(239, 'joining_date', 'Joining Date', '', '', '', '', '', '', '', '', '', '', '', '', '', '', '', '', '', '', '', ''),
(240, 'basic_details', 'Basic Details', '', '', '', '', '', '', '', '', '', '', '', '', '', '', '', '', '', '', '', ''),
(241, 'gender', 'Gender', '', '', '', '', '', '', '', '', '', '', '', '', '', '', '', '', '', '', '', ''),
(242, 'male', 'Male', '', '', '', '', '', '', '', '', '', '', '', '', '', '', '', '', '', '', '', ''),
(243, 'female', 'Female', '', '', '', '', '', '', '', '', '', '', '', '', '', '', '', '', '', '', '', ''),
(244, 'religion', 'Religion', '', '', '', '', '', '', '', '', '', '', '', '', '', '', '', '', '', '', '', ''),
(245, 'blood_group', 'Blood Group', '', '', '', '', '', '', '', '', '', '', '', '', '', '', '', '', '', '', '', ''),
(246, 'marital_status', 'Marital Status', '', '', '', '', '', '', '', '', '', '', '', '', '', '', '', '', '', '', '', ''),
(247, 'single', 'Single', '', '', '', '', '', '', '', '', '', '', '', '', '', '', '', '', '', '', '', ''),
(248, 'married', 'Married', '', '', '', '', '', '', '', '', '', '', '', '', '', '', '', '', '', '', '', ''),
(249, 'profile_picture', 'Profile Picture', '', '', '', '', '', '', '', '', '', '', '', '', '', '', '', '', '', '', '', ''),
(250, 'login_details', 'Login Details', '', '', '', '', '', '', '', '', '', '', '', '', '', '', '', '', '', '', '', ''),
(251, 'office_details', 'Office Details', '', '', '', '', '', '', '', '', '', '', '', '', '', '', '', '', '', '', '', ''),
(252, 'qualification', 'Qualification', '', '', '', '', '', '', '', '', '', '', '', '', '', '', '', '', '', '', '', ''),
(253, 'social_links', 'Social Links', '', '', '', '', '', '', '', '', '', '', '', '', '', '', '', '', '', '', '', ''),
(254, 'update', 'Update', '', '', '', '', '', '', '', '', '', '', '', '', '', '', '', '', '', '', '', ''),
(255, 'patient_id', 'Patient Id', '', '', '', '', '', '', '', '', '', '', '', '', '', '', '', '', '', '', '', ''),
(256, 'guardian', 'Guardian', '', '', '', '', '', '', '', '', '', '', '', '', '', '', '', '', '', '', '', ''),
(257, 'authentication', 'Authentication', '', '', '', '', '', '', '', '', '', '', '', '', '', '', '', '', '', '', '', ''),
(258, 'basic', 'Basic', '', '', '', '', '', '', '', '', '', '', '', '', '', '', '', '', '', '', '', ''),
(259, 'age', 'Age', '', '', '', '', '', '', '', '', '', '', '', '', '', '', '', '', '', '', '', ''),
(260, 'blood_pressure', 'Blood Pressure', '', '', '', '', '', '', '', '', '', '', '', '', '', '', '', '', '', '', '', ''),
(261, 'height', 'Height', '', '', '', '', '', '', '', '', '', '', '', '', '', '', '', '', '', '', '', ''),
(262, 'weight', 'Weight', '', '', '', '', '', '', '', '', '', '', '', '', '', '', '', '', '', '', '', ''),
(263, 'emergency_contact', 'Emergency Contact', '', '', '', '', '', '', '', '', '', '', '', '', '', '', '', '', '', '', '', ''),
(264, 'relationship', 'Relationship', '', '', '', '', '', '', '', '', '', '', '', '', '', '', '', '', '', '', '', ''),
(265, 'history', 'History', '', '', '', '', '', '', '', '', '', '', '', '', '', '', '', '', '', '', '', ''),
(266, 'completed', 'Completed', '', '', '', '', '', '', '', '', '', '', '', '', '', '', '', '', '', '', '', ''),
(267, 'undelivered', 'Undelivered', '', '', '', '', '', '', '', '', '', '', '', '', '', '', '', '', '', '', '', ''),
(268, 'login_authentication_deactivate', 'Login Authentication Deactivate', '', '', '', '', '', '', '', '', '', '', '', '', '', '', '', '', '', '', '', ''),
(269, 'deactivate_account', 'Deactivate Account', '', '', '', '', '', '', '', '', '', '', '', '', '', '', '', '', '', '', '', ''),
(270, 'authentication_activate', 'Authentication Activate', '', '', '', '', '', '', '', '', '', '', '', '', '', '', '', '', '', '', '', ''),
(271, 'referred_by', 'Referred By', '', '', '', '', '', '', '', '', '', '', '', '', '', '', '', '', '', '', '', ''),
(272, 'time', 'Time', '', '', '', '', '', '', '', '', '', '', '', '', '', '', '', '', '', '', '', ''),
(273, 'price', 'Price', '', '', '', '', '', '', '', '', '', '', '', '', '', '', '', '', '', '', '', ''),
(274, 'add_rows', 'Add Rows', '', '', '', '', '', '', '', '', '', '', '', '', '', '', '', '', '', '', '', ''),
(275, 'sub_total', 'Sub Total', '', '', '', '', '', '', '', '', '', '', '', '', '', '', '', '', '', '', '', ''),
(276, 'tax', 'Tax', '', '', '', '', '', '', '', '', '', '', '', '', '', '', '', '', '', '', '', ''),
(277, 'received', 'Received', '', '', '', '', '', '', '', '', '', '', '', '', '', '', '', '', '', '', '', ''),
(278, 'enter_payment_amount', 'Enter Payment Amount', '', '', '', '', '', '', '', '', '', '', '', '', '', '', '', '', '', '', '', ''),
(279, 'write_your_remarks', 'Write Your Remarks', '', '', '', '', '', '', '', '', '', '', '', '', '', '', '', '', '', '', '', ''),
(280, 'roles', 'Roles', '', '', '', '', '', '', '', '', '', '', '', '', '', '', '', '', '', '', '', ''),
(281, 'system_role', 'System Role', '', '', '', '', '', '', '', '', '', '', '', '', '', '', '', '', '', '', '', ''),
(282, 'yes', 'Yes', '', '', '', '', '', '', '', '', '', '', '', '', '', '', '', '', '', '', '', ''),
(283, 'role_permission_for', 'Role Permission For', '', '', '', '', '', '', '', '', '', '', '', '', '', '', '', '', '', '', '', ''),
(284, 'feature', 'Feature', '', '', '', '', '', '', '', '', '', '', '', '', '', '', '', '', '', '', '', ''),
(285, 'view', 'View', '', '', '', '', '', '', '', '', '', '', '', '', '', '', '', '', '', '', '', ''),
(286, 'delete', 'Delete', '', '', '', '', '', '', '', '', '', '', '', '', '', '', '', '', '', '', '', ''),
(287, 'ordered', 'Ordered', '', '', '', '', '', '', '', '', '', '', '', '', '', '', '', '', '', '', '', ''),
(288, 'quantity', 'Quantity', '', '', '', '', '', '', '', '', '', '', '', '', '', '', '', '', '', '', '', ''),
(289, 'net_total', 'Net Total', '', '', '', '', '', '', '', '', '', '', '', '', '', '', '', '', '', '', '', ''),
(290, 'bill_view', 'Bill View', '', '', '', '', '', '', '', '', '', '', '', '', '', '', '', '', '', '', '', ''),
(291, 'add_payment', 'Add Payment', '', '', '', '', '', '', '', '', '', '', '', '', '', '', '', '', '', '', '', ''),
(292, 'to', 'To', '', '', '', '', '', '', '', '', '', '', '', '', '', '', '', '', '', '', '', ''),
(293, 'company', 'Company', '', '', '', '', '', '', '', '', '', '', '', '', '', '', '', '', '', '', '', ''),
(294, 'sub', 'Sub', '', '', '', '', '', '', '', '', '', '', '', '', '', '', '', '', '', '', '', ''),
(295, 'paid_amount', 'Paid Amount', '', '', '', '', '', '', '', '', '', '', '', '', '', '', '', '', '', '', '', ''),
(296, 'prepared_by', 'Prepared By', '', '', '', '', '', '', '', '', '', '', '', '', '', '', '', '', '', '', '', ''),
(297, 'authorised_by', 'Authorised By', '', '', '', '', '', '', '', '', '', '', '', '', '', '', '', '', '', '', '', ''),
(298, 'print', 'Print', '', '', '', '', '', '', '', '', '', '', '', '', '', '', '', '', '', '', '', ''),
(299, 'paid_on', 'Paid On', '', '', '', '', '', '', '', '', '', '', '', '', '', '', '', '', '', '', '', ''),
(300, 'attach_document', 'Attach Document', '', '', '', '', '', '', '', '', '', '', '', '', '', '', '', '', '', '', '', ''),
(301, 'the_configuration_has_been_updated', 'The Configuration Has Been Updated', '', '', '', '', '', '', '', '', '', '', '', '', '', '', '', '', '', '', '', ''),
(302, 'retype_password', 'Retype Password', '', '', '', '', '', '', '', '', '', '', '', '', '', '', '', '', '', '', '', ''),
(303, 'contact_number', 'Contact Number', '', '', '', '', '', '', '', '', '', '', '', '', '', '', '', '', '', '', '', ''),
(304, 'company_name', 'Company Name', '', '', '', '', '', '', '', '', '', '', '', '', '', '', '', '', '', '', '', ''),
(305, 'product', 'Product', '', '', '', '', '', '', '', '', '', '', '', '', '', '', '', '', '', '', '', ''),
(306, 'stock_by', 'Stock By', '', '', '', '', '', '', '', '', '', '', '', '', '', '', '', '', '', '', '', ''),
(307, 'inovice_no', 'Inovice No', '', '', '', '', '', '', '', '', '', '', '', '', '', '', '', '', '', '', '', ''),
(308, 'sales_unit', 'Sales Unit', '', '', '', '', '', '', '', '', '', '', '', '', '', '', '', '', '', '', '', ''),
(309, 'for', 'For', '', '', '', '', '', '', '', '', '', '', '', '', '', '', '', '', '', '', '', ''),
(310, 'select_multiple_chemical', 'Select Multiple Chemical', '', '', '', '', '', '', '', '', '', '', '', '', '', '', '', '', '', '', '', ''),
(311, 'payment_history', 'Payment History', '', '', '', '', '', '', '', '', '', '', '', '', '', '', '', '', '', '', '', ''),
(312, 'sex', 'Sex', '', '', '', '', '', '', '', '', '', '', '', '', '', '', '', '', '', '', '', ''),
(313, 'from', 'From', '', '', '', '', '', '', '', '', '', '', '', '', '', '', '', '', '', '', '', ''),
(314, 'net_payable', 'Net Payable', '', '', '', '', '', '', '', '', '', '', '', '', '', '', '', '', '', '', '', ''),
(315, 'collect_by', 'Collect By', '', '', '', '', '', '', '', '', '', '', '', '', '', '', '', '', '', '', '', ''),
(316, 'unpublished_on_website', 'Unpublished On Website', '', '', '', '', '', '', '', '', '', '', '', '', '', '', '', '', '', '', '', ''),
(317, 'published_on_website', 'Published On Website', '', '', '', '', '', '', '', '', '', '', '', '', '', '', '', '', '', '', '', ''),
(318, 'grade', 'Grade', '', '', '', '', '', '', '', '', '', '', '', '', '', '', '', '', '', '', '', ''),
(319, 'overtime', 'Overtime', '', '', '', '', '', '', '', '', '', '', '', '', '', '', '', '', '', '', '', ''),
(320, 'allowances', 'Allowances', '', '', '', '', '', '', '', '', '', '', '', '', '', '', '', '', '', '', '', ''),
(321, 'name_of_allowance', 'Name Of Allowance', '', '', '', '', '', '', '', '', '', '', '', '', '', '', '', '', '', '', '', ''),
(322, 'deductions', 'Deductions', '', '', '', '', '', '', '', '', '', '', '', '', '', '', '', '', '', '', '', ''),
(323, 'name_of_deductions', 'Name Of Deductions', '', '', '', '', '', '', '', '', '', '', '', '', '', '', '', '', '', '', '', ''),
(324, 'allowance', 'Allowance', '', '', '', '', '', '', '', '', '', '', '', '', '', '', '', '', '', '', '', ''),
(325, 'deduction', 'Deduction', '', '', '', '', '', '', '', '', '', '', '', '', '', '', '', '', '', '', '', ''),
(326, 'salary_details', 'Salary Details', '', '', '', '', '', '', '', '', '', '', '', '', '', '', '', '', '', '', '', ''),
(327, 'no_information_available', 'No Information Available', '', '', '', '', '', '', '', '', '', '', '', '', '', '', '', '', '', '', '', ''),
(328, 'transactions', 'Transactions', '', '', '', '', '', '', '', '', '', '', '', '', '', '', '', '', '', '', '', ''),
(329, 'sms_config', 'Sms Config', '', '', '', '', '', '', '', '', '', '', '', '', '', '', '', '', '', '', '', ''),
(330, 'sms_template', 'Sms Template', '', '', '', '', '', '', '', '', '', '', '', '', '', '', '', '', '', '', '', ''),
(331, 'select_a_sms_service', 'Select A Sms Service', '', '', '', '', '', '', '', '', '', '', '', '', '', '', '', '', '', '', '', ''),
(332, 'disabled', 'Disabled', '', '', '', '', '', '', '', '', '', '', '', '', '', '', '', '', '', '', '', ''),
(333, 'clickatell_username', 'Clickatell Username', '', '', '', '', '', '', '', '', '', '', '', '', '', '', '', '', '', '', '', ''),
(334, 'clickatell_password', 'Clickatell Password', '', '', '', '', '', '', '', '', '', '', '', '', '', '', '', '', '', '', '', ''),
(335, 'clickatell_api_key', 'Clickatell Api Key', '', '', '', '', '', '', '', '', '', '', '', '', '', '', '', '', '', '', '', ''),
(336, 'registered_number', 'Registered Number', '', '', '', '', '', '', '', '', '', '', '', '', '', '', '', '', '', '', '', ''),
(337, 'account_sid', 'Account Sid', '', '', '', '', '', '', '', '', '', '', '', '', '', '', '', '', '', '', '', ''),
(338, 'auth_token', 'Auth Token', '', '', '', '', '', '', '', '', '', '', '', '', '', '', '', '', '', '', '', ''),
(339, 'account_registered', 'Account Registered', '', '', '', '', '', '', '', '', '', '', '', '', '', '', '', '', '', '', '', ''),
(340, 'notify_enable', 'Notify Enable', '', '', '', '', '', '', '', '', '', '', '', '', '', '', '', '', '', '', '', ''),
(341, 'body', 'Body', '', '', '', '', '', '', '', '', '', '', '', '', '', '', '', '', '', '', '', ''),
(342, 'appointment_confirmation', 'Appointment Confirmation', '', '', '', '', '', '', '', '', '', '', '', '', '', '', '', '', '', '', '', ''),
(343, 'appointment_canceled', 'Appointment Canceled', '', '', '', '', '', '', '', '', '', '', '', '', '', '', '', '', '', '', '', ''),
(344, 'appointment_request', 'Appointment Request', '', '', '', '', '', '', '', '', '', '', '', '', '', '', '', '', '', '', '', ''),
(345, 'reporting', 'Reporting', '', '', '', '', '', '', '', '', '', '', '', '', '', '', '', '', '', '', '', ''),
(346, 'button_text_1', 'Button Text 1', '', '', '', '', '', '', '', '', '', '', '', '', '', '', '', '', '', '', '', ''),
(347, 'button_url_1', 'Button Url 1', '', '', '', '', '', '', '', '', '', '', '', '', '', '', '', '', '', '', '', ''),
(348, 'button_text_2', 'Button Text 2', '', '', '', '', '', '', '', '', '', '', '', '', '', '', '', '', '', '', '', ''),
(349, 'button_url_2', 'Button Url 2', '', '', '', '', '', '', '', '', '', '', '', '', '', '', '', '', '', '', '', ''),
(350, 'left', 'Left', '', '', '', '', '', '', '', '', '', '', '', '', '', '', '', '', '', '', '', ''),
(351, 'center', 'Center', '', '', '', '', '', '', '', '', '', '', '', '', '', '', '', '', '', '', '', ''),
(352, 'right', 'Right', '', '', '', '', '', '', '', '', '', '', '', '', '', '', '', '', '', '', '', ''),
(353, 'icon', 'Icon', '', '', '', '', '', '', '', '', '', '', '', '', '', '', '', '', '', '', '', ''),
(354, 'surname', 'Surname', '', '', '', '', '', '', '', '', '', '', '', '', '', '', '', '', '', '', '', ''),
(355, 'rank', 'Rank', '', '', '', '', '', '', '', '', '', '', '', '', '', '', '', '', '', '', '', ''),
(356, 'staff', 'Staff', '', '', '', '', '', '', '', '', '', '', '', '', '', '', '', '', '', '', '', ''),
(357, 'paid_by', 'Paid By', '', '', '', '', '', '', '', '', '', '', '', '', '', '', '', '', '', '', '', ''),
(358, 'user', 'User', '', '', '', '', '', '', '', '', '', '', '', '', '', '', '', '', '', '', '', ''),
(359, 'payslip', 'Payslip', '', '', '', '', '', '', '', '', '', '', '', '', '', '', '', '', '', '', '', ''),
(360, 'add_employee', 'Add Employee', '', '', '', '', '', '', '', '', '', '', '', '', '', '', '', '', '', '', '', ''),
(361, 'bank_details', 'Bank Details', '', '', '', '', '', '', '', '', '', '', '', '', '', '', '', '', '', '', '', ''),
(362, 'skipped_bank_details', 'Skipped Bank Details', '', '', '', '', '', '', '', '', '', '', '', '', '', '', '', '', '', '', '', ''),
(363, 'bank_name', 'Bank Name', '', '', '', '', '', '', '', '', '', '', '', '', '', '', '', '', '', '', '', ''),
(364, 'holder_name', 'Holder Name', '', '', '', '', '', '', '', '', '', '', '', '', '', '', '', '', '', '', '', ''),
(365, 'bank', 'Bank', '', '', '', '', '', '', '', '', '', '', '', '', '', '', '', '', '', '', '', ''),
(366, 'branch', 'Branch', '', '', '', '', '', '', '', '', '', '', '', '', '', '', '', '', '', '', '', ''),
(367, 'ifsc_code', 'Ifsc Code', '', '', '', '', '', '', '', '', '', '', '', '', '', '', '', '', '', '', '', ''),
(368, 'account_no', 'Account No', '', '', '', '', '', '', '', '', '', '', '', '', '', '', '', '', '', '', '', ''),
(369, 'restore', 'Restore', '', '', '', '', '', '', '', '', '', '', '', '', '', '', '', '', '', '', '', ''),
(370, 'create_backup', 'Create Backup', '', '', '', '', '', '', '', '', '', '', '', '', '', '', '', '', '', '', '', ''),
(371, 'file', 'File', '', '', '', '', '', '', '', '', '', '', '', '', '', '', '', '', '', '', '', ''),
(372, 'backup_size', 'Backup Size', '', '', '', '', '', '', '', '', '', '', '', '', '', '', '', '', '', '', '', ''),
(373, 'file_upload', 'File Upload', '', '', '', '', '', '', '', '', '', '', '', '', '', '', '', '', '', '', '', ''),
(374, 'flag', 'Flag', '', '', '', '', '', '', '', '', '', '', '', '', '', '', '', '', '', '', '', ''),
(375, 'stats', 'Stats', '', '', '', '', '', '', '', '', '', '', '', '', '', '', '', '', '', '', '', ''),
(376, 'created_at', 'Created At', '', '', '', '', '', '', '', '', '', '', '', '', '', '', '', '', '', '', '', ''),
(377, 'updated_at', 'Updated At', '', '', '', '', '', '', '', '', '', '', '', '', '', '', '', '', '', '', '', ''),
(378, 'edit_word', 'Edit Word', '', '', '', '', '', '', '', '', '', '', '', '', '', '', '', '', '', '', '', ''),
(379, 'flag_icon', 'Flag Icon', '', '', '', '', '', '', '', '', '', '', '', '', '', '', '', '', '', '', '', ''),
(380, 'language_unpublished', 'Language Unpublished', '', '', '', '', '', '', '', '', '', '', '', '', '', '', '', '', '', '', '', ''),
(381, 'language_published', 'Language Published', '', '', '', '', '', '', '', '', '', '', '', '', '', '', '', '', '', '', '', ''),
(382, 'transaction', 'Transaction', '', '', '', '', '', '', '', '', '', '', '', '', '', '', '', '', '', '', '', ''),
(383, 'month_of_salary', 'Month Of Salary', '', '', '', '', '', '', '', '', '', '', '', '', '', '', '', '', '', '', '', ''),
(384, 'basic_salary', 'Basic Salary', '', '', '', '', '', '', '', '', '', '', '', '', '', '', '', '', '', '', '', ''),
(385, 'payment_type', 'Payment Type', '', '', '', '', '', '', '', '', '', '', '', '', '', '', '', '', '', '', '', ''),
(386, 'bank_account', 'Bank Account', '', '', '', '', '', '', '', '', '', '', '', '', '', '', '', '', '', '', '', ''),
(387, 'actions', 'Actions', '', '', '', '', '', '', '', '', '', '', '', '', '', '', '', '', '', '', '', ''),
(388, 'document', 'Document', '', '', '', '', '', '', '', '', '', '', '', '', '', '', '', '', '', '', '', ''),
(389, 'download', 'Download', '', '', '', '', '', '', '', '', '', '', '', '', '', '', '', '', '', '', '', ''),
(390, 'opening_balance', 'Opening Balance', '', '', '', '', '', '', '', '', '', '', '', '', '', '', '', '', '', '', '', ''),
(391, 'total_dr', 'Total Dr', '', '', '', '', '', '', '', '', '', '', '', '', '', '', '', '', '', '', '', ''),
(392, 'total_cr', 'Total Cr', '', '', '', '', '', '', '', '', '', '', '', '', '', '', '', '', '', '', '', ''),
(393, 'contact', 'Contact', '', '', '', '', '', '', '', '', '', '', '', '', '', '', '', '', '', '', '', ''),
(394, 'box_title', 'Box Title', '', '', '', '', '', '', '', '', '', '', '', '', '', '', '', '', '', '', '', ''),
(395, 'box_description', 'Box Description', '', '', '', '', '', '', '', '', '', '', '', '', '', '', '', '', '', '', '', ''),
(396, 'box_photo', 'Box Photo', '', '', '', '', '', '', '', '', '', '', '', '', '', '', '', '', '', '', '', ''),
(397, 'form_title', 'Form Title', '', '', '', '', '', '', '', '', '', '', '', '', '', '', '', '', '', '', '', ''),
(398, 'phone', 'Phone', '', '', '', '', '', '', '', '', '', '', '', '', '', '', '', '', '', '', '', ''),
(399, 'submit_button_text', 'Submit Button Text', '', '', '', '', '', '', '', '', '', '', '', '', '', '', '', '', '', '', '', ''),
(400, 'map_iframe', 'Map Iframe', '', '', '', '', '', '', '', '', '', '', '', '', '', '', '', '', '', '', '', ''),
(401, 'system_name', 'System Name', '', '', '', '', '', '', '', '', '', '', '', '', '', '', '', '', '', '', '', ''),
(402, 'month', 'Month', '', '', '', '', '', '', '', '', '', '', '', '', '', '', '', '', '', '', '', ''),
(403, 'patient_price', 'Patient Price', '', '', '', '', '', '', '', '', '', '', '', '', '', '', '', '', '', '', '', ''),
(404, 'production_cost', 'Production Cost', '', '', '', '', '', '', '', '', '', '', '', '', '', '', '', '', '', '', '', ''),
(405, 'created_by', 'Created By', '', '', '', '', '', '', '', '', '', '', '', '', '', '', '', '', '', '', '', ''),
(406, 'test_category', 'Test Category', '', '', '', '', '', '', '', '', '', '', '', '', '', '', '', '', '', '', '', ''),
(407, 'test_name', 'Test Name', '', '', '', '', '', '', '', '', '', '', '', '', '', '', '', '', '', '', '', ''),
(408, 'test_code', 'Test Code', '', '', '', '', '', '', '', '', '', '', '', '', '', '', '', '', '', '', '', ''),
(409, 'staff_name', 'Staff Name', '', '', '', '', '', '', '', '', '', '', '', '', '', '', '', '', '', '', '', ''),
(410, 'percentage', 'Percentage', '', '', '', '', '', '', '', '', '', '', '', '', '', '', '', '', '', '', '', ''),
(411, 'salary_assign', 'Salary Assign', '', '', '', '', '', '', '', '', '', '', '', '', '', '', '', '', '', '', '', ''),
(412, 'pay_now', 'Pay Now', '', '', '', '', '', '', '', '', '', '', '', '', '', '', '', '', '', '', '', ''),
(413, 'overtime_total_hour', 'Overtime Total Hour', '', '', '', '', '', '', '', '', '', '', '', '', '', '', '', '', '', '', '', ''),
(414, 'overtime_amount', 'Overtime Amount', '', '', '', '', '', '', '', '', '', '', '', '', '', '', '', '', '', '', '', ''),
(415, 'leave_category', 'Leave Category', '', '', '', '', '', '', '', '', '', '', '', '', '', '', '', '', '', '', '', ''),
(416, 'days', 'Days', '', '', '', '', '', '', '', '', '', '', '', '', '', '', '', '', '', '', '', ''),
(417, 'leave', 'Leave', '', '', '', '', '', '', '', '', '', '', '', '', '', '', '', '', '', '', '', ''),
(418, 'date_of_start', 'Date Of Start', '', '', '', '', '', '', '', '', '', '', '', '', '', '', '', '', '', '', '', ''),
(419, 'date_of_end', 'Date Of End', '', '', '', '', '', '', '', '', '', '', '', '', '', '', '', '', '', '', '', ''),
(420, 'leave_type', 'Leave Type', '', '', '', '', '', '', '', '', '', '', '', '', '', '', '', '', '', '', '', ''),
(421, 'reason', 'Reason', '', '', '', '', '', '', '', '', '', '', '', '', '', '', '', '', '', '', '', ''),
(422, 'comments', 'Comments', '', '', '', '', '', '', '', '', '', '', '', '', '', '', '', '', '', '', '', ''),
(423, 'accepted', 'Accepted', '', '', '', '', '', '', '', '', '', '', '', '', '', '', '', '', '', '', '', ''),
(424, 'start_date', 'Start Date', '', '', '', '', '', '', '', '', '', '', '', '', '', '', '', '', '', '', '', ''),
(425, 'end_date', 'End Date', '', '', '', '', '', '', '', '', '', '', '', '', '', '', '', '', '', '', '', ''),
(426, 'approved', 'Approved', '', '', '', '', '', '', '', '', '', '', '', '', '', '', '', '', '', '', '', ''),
(427, 'reject', 'Reject', '', '', '', '', '', '', '', '', '', '', '', '', '', '', '', '', '', '', '', ''),
(428, 'select_all', 'Select All', '', '', '', '', '', '', '', '', '', '', '', '', '', '', '', '', '', '', '', ''),
(429, 'not_selected', 'Not Selected', '', '', '', '', '', '', '', '', '', '', '', '', '', '', '', '', '', '', '', ''),
(430, 'present', 'Present', '', '', '', '', '', '', '', '', '', '', '', '', '', '', '', '', '', '', '', ''),
(431, 'absent', 'Absent', '', '', '', '', '', '', '', '', '', '', '', '', '', '', '', '', '', '', '', ''),
(432, 'holiday', 'Holiday', '', '', '', '', '', '', '', '', '', '', '', '', '', '', '', '', '', '', '', ''),
(433, 'late', 'Late', '', '', '', '', '', '', '', '', '', '', '', '', '', '', '', '', '', '', '', ''),
(434, 'current_balance', 'Current Balance', '', '', '', '', '', '', '', '', '', '', '', '', '', '', '', '', '', '', '', ''),
(435, 'no', 'No', '', '', '', '', '', '', '', '', '', '', '', '', '', '', '', '', '', '', '', ''),
(436, 'current', 'Current', '', '', '', '', '', '', '', '', '', '', '', '', '', '', '', '', '', '', '', ''),
(437, 'qty', 'Qty', '', '', '', '', '', '', '', '', '', '', '', '', '', '', '', '', '', '', '', ''),
(438, 'payment_successfull', 'Payment Successfull', '', '', '', '', '', '', '', '', '', '', '', '', '', '', '', '', '', '', '', ''),
(439, 'payment_by', 'Payment By', '', '', '', '', '', '', '', '', '', '', '', '', '', '', '', '', '', '', '', ''),
(440, 'chemical_wise_stock', 'Chemical Wise Stock', '', '', '', '', '', '', '', '', '', '', '', '', '', '', '', '', '', '', '', ''),
(441, 'sale', 'Sale', '', '', '', '', '', '', '', '', '', '', '', '', '', '', '', '', '', '', '', ''),
(442, 'in_qty', 'In Qty', '', '', '', '', '', '', '', '', '', '', '', '', '', '', '', '', '', '', '', '');
INSERT INTO `languages` (`id`, `word`, `english`, `bengali`, `arabic`, `german`, `greek`, `spanish`, `french`, `hindi`, `hungarian`, `indonesian`, `italian`, `japanese`, `korean`, `latin`, `dutch`, `portuguese`, `russian`, `thai`, `turkish`, `urdu`, `chinese`) VALUES
(443, 'out_qty', 'Out Qty', '', '', '', '', '', '', '', '', '', '', '', '', '', '', '', '', '', '', '', ''),
(444, 'sale_profit', 'Sale Profit', '', '', '', '', '', '', '', '', '', '', '', '', '', '', '', '', '', '', '', ''),
(445, 'paid_via', 'Paid Via', '', '', '', '', '', '', '', '', '', '', '', '', '', '', '', '', '', '', '', ''),
(446, 'collected_by', 'Collected By', '', '', '', '', '', '', '', '', '', '', '', '', '', '', '', '', '', '', '', ''),
(447, 'all', 'All', '', '', '', '', '', '', '', '', '', '', '', '', '', '', '', '', '', '', '', ''),
(448, 'add_short_bio', 'Add Short Bio', '', '', '', '', '', '', '', '', '', '', '', '', '', '', '', '', '', '', '', ''),
(449, 'email_config', 'Email Config', '', '', '', '', '', '', '', '', '', '', '', '', '', '', '', '', '', '', '', ''),
(450, 'email_triggers', 'Email Triggers', '', '', '', '', '', '', '', '', '', '', '', '', '', '', '', '', '', '', '', ''),
(451, 'system_email', 'System Email', '', '', '', '', '', '', '', '', '', '', '', '', '', '', '', '', '', '', '', ''),
(452, 'subject', 'Subject', '', '', '', '', '', '', '', '', '', '', '', '', '', '', '', '', '', '', '', ''),
(453, 'forgot_password', 'Forgot Password', '', '', '', '', '', '', '', '', '', '', '', '', '', '', '', '', '', '', '', ''),
(454, 'payslip_generated', 'Payslip Generated', '', '', '', '', '', '', '', '', '', '', '', '', '', '', '', '', '', '', '', ''),
(455, 'leave_approve', 'Leave Approve', '', '', '', '', '', '', '', '', '', '', '', '', '', '', '', '', '', '', '', ''),
(456, 'leave_reject', 'Leave Reject', '', '', '', '', '', '', '', '', '', '', '', '', '', '', '', '', '', '', '', ''),
(457, 'Assets', 'Assets', '', '', '', '', '', '', '', '', '', '', '', '', '', '', '', '', '', '', '', ''),
(458, 'Services ass', 'Services Ass', '', '', '', '', '', '', '', '', '', '', '', '', '', '', '', '', '', '', '', ''),
(459, 'From date', 'From Date', '', '', '', '', '', '', '', '', '', '', '', '', '', '', '', '', '', '', '', ''),
(460, 'To date', 'To Date', '', '', '', '', '', '', '', '', '', '', '', '', '', '', '', '', '', '', '', ''),
(461, 'hrm asas', 'Hrm Asas', '', '', '', '', '', '', '', '', '', '', '', '', '', '', '', '', '', '', '', ''),
(462, 'salary asas', 'Salary Asas', '', '', '', '', '', '', '', '', '', '', '', '', '', '', '', '', '', '', '', ''),
(463, 'documents', 'Documents', '', '', '', '', '', '', '', '', '', '', '', '', '', '', '', '', '', '', '', ''),
(464, 'Expiry Date', 'Expiry Date', '', '', '', '', '', '', '', '', '', '', '', '', '', '', '', '', '', '', '', ''),
(465, 'Notify Admin', 'Notify Admin', '', '', '', '', '', '', '', '', '', '', '', '', '', '', '', '', '', '', '', ''),
(466, 'Document Type', 'Document Type', '', '', '', '', '', '', '', '', '', '', '', '', '', '', '', '', '', '', '', ''),
(467, 'DOC', 'DOC', '', '', '', '', '', '', '', '', '', '', '', '', '', '', '', '', '', '', '', ''),
(468, 'Employee Name', 'Employee Name', '', '', '', '', '', '', '', '', '', '', '', '', '', '', '', '', '', '', '', ''),
(469, 'admin_notify', 'Admin Notify', '', '', '', '', '', '', '', '', '', '', '', '', '', '', '', '', '', '', '', ''),
(470, 'Doc Type', 'Doc Type', '', '', '', '', '', '', '', '', '', '', '', '', '', '', '', '', '', '', '', ''),
(471, 'Doc File', 'Doc File', '', '', '', '', '', '', '', '', '', '', '', '', '', '', '', '', '', '', '', ''),
(472, 'Notifications', 'Notifications', '', '', '', '', '', '', '', '', '', '', '', '', '', '', '', '', '', '', '', ''),
(473, 'username_password_incorrect', 'Username Password Incorrect', '', '', '', '', '', '', '', '', '', '', '', '', '', '', '', '', '', '', '', ''),
(474, 'File #', 'File #', '', '', '', '', '', '', '', '', '', '', '', '', '', '', '', '', '', '', '', ''),
(475, 'Divorced', 'Divorced', '', '', '', '', '', '', '', '', '', '', '', '', '', '', '', '', '', '', '', ''),
(476, 'Widower', 'Widower', '', '', '', '', '', '', '', '', '', '', '', '', '', '', '', '', '', '', '', ''),
(477, 'Appointments schedule', 'Appointments Schedule', '', '', '', '', '', '', '', '', '', '', '', '', '', '', '', '', '', '', '', ''),
(478, 'Day', 'Day', '', '', '', '', '', '', '', '', '', '', '', '', '', '', '', '', '', '', '', ''),
(479, 'Case', 'Case', '', '', '', '', '', '', '', '', '', '', '', '', '', '', '', '', '', '', '', ''),
(480, 'Appointment Status', 'Appointment Status', '', '', '', '', '', '', '', '', '', '', '', '', '', '', '', '', '', '', '', ''),
(481, 'Ok', 'Ok', '', '', '', '', '', '', '', '', '', '', '', '', '', '', '', '', '', '', '', ''),
(482, 'Not Confirmed', 'Not Confirmed', '', '', '', '', '', '', '', '', '', '', '', '', '', '', '', '', '', '', '', ''),
(483, 'Cancelled', 'Cancelled', '', '', '', '', '', '', '', '', '', '', '', '', '', '', '', '', '', '', '', ''),
(484, 'Waiting', 'Waiting', '', '', '', '', '', '', '', '', '', '', '', '', '', '', '', '', '', '', '', ''),
(485, 'closed', 'Closed', '', '', '', '', '', '', '', '', '', '', '', '', '', '', '', '', '', '', '', ''),
(486, 'Notify To admin', 'Notify To Admin', '', '', '', '', '', '', '', '', '', '', '', '', '', '', '', '', '', '', '', ''),
(487, 'Min Qty Notify', 'Min Qty Notify', '', '', '', '', '', '', '', '', '', '', '', '', '', '', '', '', '', '', '', ''),
(488, 'grand', 'Grand', '', '', '', '', '', '', '', '', '', '', '', '', '', '', '', '', '', '', '', ''),
(489, 'Grand Total', 'Grand Total', '', '', '', '', '', '', '', '', '', '', '', '', '', '', '', '', '', '', '', ''),
(490, 'Service Name	', 'Service Name	', '', '', '', '', '', '', '', '', '', '', '', '', '', '', '', '', '', '', '', ''),
(491, 'Refund', 'Refund', '', '', '', '', '', '', '', '', '', '', '', '', '', '', '', '', '', '', '', '');

-- --------------------------------------------------------

--
-- Table structure for table `language_list`
--

CREATE TABLE `language_list` (
  `id` int(11) NOT NULL,
  `name` varchar(100) NOT NULL,
  `lang_field` varchar(100) NOT NULL,
  `status` varchar(11) NOT NULL DEFAULT '1',
  `created_at` datetime NOT NULL DEFAULT current_timestamp(),
  `updated_at` datetime NOT NULL DEFAULT current_timestamp() ON UPDATE current_timestamp()
) ENGINE=InnoDB DEFAULT CHARSET=utf8;

--
-- Dumping data for table `language_list`
--

INSERT INTO `language_list` (`id`, `name`, `lang_field`, `status`, `created_at`, `updated_at`) VALUES
(1, 'English', 'english', '1', '2018-11-15 17:36:31', '2020-01-09 11:45:23'),
(2, 'Bengali', 'bengali', '0', '2018-11-15 17:36:31', '2020-01-11 18:11:42'),
(3, 'Arabic', 'arabic', '0', '2018-11-15 17:36:31', '2020-01-07 13:22:02'),
(4, 'German', 'german', '0', '2018-11-15 17:36:31', '2019-06-17 03:05:26'),
(5, 'Greek', 'greek', '0', '2018-11-15 17:36:31', '2019-06-17 03:05:28'),
(6, 'Spanish', 'spanish', '0', '2018-11-15 17:36:31', '2019-06-17 03:05:29'),
(7, 'French', 'french', '0', '2018-11-15 17:36:31', '2019-06-17 03:05:31'),
(8, 'Hindi', 'hindi', '0', '2018-11-15 17:36:31', '2019-06-17 03:05:33'),
(9, 'Hungarian', 'hungarian', '0', '2018-11-15 17:36:31', '2019-06-17 03:05:34'),
(10, 'Indonesian', 'indonesian', '0', '2018-11-15 17:36:31', '2019-06-17 03:05:35'),
(11, 'Italian', 'italian', '0', '2018-11-15 17:36:31', '2019-06-17 03:05:37'),
(12, 'Japanese', 'japanese', '0', '2018-11-15 17:36:31', '2019-06-17 03:05:38'),
(13, 'Korean', 'korean', '0', '2018-11-15 17:36:31', '2019-06-17 03:05:40'),
(14, 'Latin', 'latin', '0', '2018-11-15 17:36:31', '2019-06-17 03:05:41'),
(15, 'Dutch', 'dutch', '0', '2018-11-15 17:36:31', '2019-06-17 03:05:43'),
(16, 'Portuguese', 'portuguese', '0', '2018-11-15 17:36:31', '2019-06-17 03:05:44'),
(17, 'Russian', 'russian', '0', '2018-11-15 17:36:31', '2019-06-17 03:05:46'),
(18, 'Thai', 'thai', '0', '2018-11-15 17:36:31', '2019-06-17 03:05:47'),
(19, 'Turkish', 'turkish', '0', '2018-11-15 17:36:31', '2019-06-17 03:05:49'),
(20, 'Urdu', 'urdu', '0', '2018-11-15 17:36:31', '2019-06-17 03:05:50'),
(21, 'Chinese', 'chinese', '0', '2018-11-15 17:36:31', '2019-06-17 03:05:51');

-- --------------------------------------------------------

--
-- Table structure for table `leave_application`
--

CREATE TABLE `leave_application` (
  `id` int(11) NOT NULL,
  `staff_id` int(11) NOT NULL,
  `category_id` varchar(20) NOT NULL,
  `reason` text CHARACTER SET utf32 COLLATE utf32_unicode_ci NOT NULL,
  `start_date` date NOT NULL,
  `end_date` date NOT NULL,
  `leave_days` varchar(20) NOT NULL DEFAULT '0',
  `status` varchar(10) NOT NULL DEFAULT '1',
  `apply_date` datetime NOT NULL,
  `orig_file_name` varchar(255) NOT NULL,
  `enc_file_name` varchar(255) NOT NULL,
  `approved_by` longtext NOT NULL,
  `comments` varchar(255) NOT NULL
) ENGINE=InnoDB DEFAULT CHARSET=utf8;

-- --------------------------------------------------------

--
-- Table structure for table `leave_category`
--

CREATE TABLE `leave_category` (
  `id` int(2) NOT NULL,
  `name` varchar(255) CHARACTER SET utf32 COLLATE utf32_unicode_ci NOT NULL,
  `days` int(11) NOT NULL
) ENGINE=InnoDB DEFAULT CHARSET=utf8;

-- --------------------------------------------------------

--
-- Table structure for table `login_credential`
--

CREATE TABLE `login_credential` (
  `id` int(11) NOT NULL,
  `user_id` int(11) NOT NULL,
  `username` varchar(100) NOT NULL,
  `password` varchar(250) NOT NULL,
  `role` int(11) NOT NULL,
  `active` int(11) NOT NULL COMMENT '1(active) 0(deactivate)',
  `last_login` datetime DEFAULT NULL,
  `created_at` datetime NOT NULL DEFAULT current_timestamp(),
  `updated_at` datetime NOT NULL DEFAULT current_timestamp() ON UPDATE current_timestamp()
) ENGINE=InnoDB DEFAULT CHARSET=utf8;

--
-- Dumping data for table `login_credential`
--

INSERT INTO `login_credential` (`id`, `user_id`, `username`, `password`, `role`, `active`, `last_login`, `created_at`, `updated_at`) VALUES
(1, 1, 'admin', '$2y$10$NatQSEY7rpR58fronwpLkelepAXlp/tTQOgnCsyK6h6vu2BWGg1ue', 1, 1, '2023-01-06 10:16:20', '2022-11-18 22:42:19', '2023-01-06 12:16:20'),
(3, 2, 'karem', '$2y$10$dua1TsaEE5qpuRrCzBifJOnoug86DBYB1jTAgCNkpeNNK37.UJ88u', 6, 1, NULL, '2022-12-04 20:55:04', '2022-12-04 20:55:04'),
(5, 3, 'salma', '$2y$10$znsJLOQt/Pm2jazYIiSIoupOBGyc.3vdkdTSqwk/QLkl2e2N9ggx.', 3, 1, NULL, '2022-12-05 07:17:30', '2022-12-05 07:17:30'),
(7, 6, '2ba5d65', '$2y$10$s6cU1tBXKLLPmrr6SWRBfeUnm4HurEgUhfDkmYMC2p3sXbYd1mjbG', 7, 1, NULL, '2022-12-27 21:15:45', '2022-12-27 21:15:45'),
(8, 1, '6456db3', '$2y$10$I0DhNK6a3e.oS8PWPG7Vu.rBEn3NZgHp5JoKG3HFlye1nz.XWPDhO', 7, 1, NULL, '2022-12-27 21:16:19', '2022-12-27 21:16:19'),
(10, 4, 'adminasasdasdasdas', '$2y$10$K1Xtm3lg.Wg4nim30JfiauBQVqKq1lI9HFMVcPqwNG/FD3DEWYYn2', 3, 1, NULL, '2022-12-28 17:06:51', '2022-12-28 17:06:51'),
(11, 5, 'syedaliraza11222@gmail.com', '$2y$10$yBk5egZCMUTWwxn7HlyYhejqtsaTA2R/a3ghy.20zk86/CUje6fdO', 3, 1, NULL, '2022-12-28 17:18:57', '2022-12-28 17:18:57');

-- --------------------------------------------------------

--
-- Table structure for table `patient`
--

CREATE TABLE `patient` (
  `id` int(11) NOT NULL,
  `name` varchar(255) DEFAULT NULL,
  `patient_id` varchar(10) DEFAULT NULL,
  `category_id` int(11) DEFAULT NULL,
  `birthday` date DEFAULT NULL,
  `sex` varchar(10) DEFAULT NULL,
  `blood_group` varchar(10) DEFAULT NULL,
  `blood_pressure` varchar(100) DEFAULT NULL,
  `height` varchar(10) DEFAULT NULL,
  `weight` varchar(10) DEFAULT NULL,
  `marital_status` varchar(10) DEFAULT NULL,
  `age` varchar(10) DEFAULT NULL,
  `address` text DEFAULT NULL,
  `mobileno` varchar(30) DEFAULT NULL,
  `email` varchar(200) DEFAULT NULL,
  `photo` varchar(255) DEFAULT NULL,
  `guardian` varchar(200) DEFAULT NULL,
  `relationship` varchar(200) DEFAULT NULL,
  `gua_mobileno` varchar(30) DEFAULT NULL,
  `source` tinyint(1) DEFAULT 1,
  `created_at` datetime DEFAULT current_timestamp(),
  `updated_at` datetime DEFAULT current_timestamp() ON UPDATE current_timestamp(),
  `nationality` text DEFAULT NULL,
  `nationalid` text DEFAULT NULL,
  `knownusfrom` text DEFAULT NULL,
  `patientcase` text DEFAULT NULL,
  `job` text DEFAULT NULL,
  `debitbalance` text DEFAULT NULL,
  `creditbalance` text DEFAULT NULL,
  `tel` text DEFAULT NULL
) ENGINE=InnoDB DEFAULT CHARSET=utf8;

--
-- Dumping data for table `patient`
--

INSERT INTO `patient` (`id`, `name`, `patient_id`, `category_id`, `birthday`, `sex`, `blood_group`, `blood_pressure`, `height`, `weight`, `marital_status`, `age`, `address`, `mobileno`, `email`, `photo`, `guardian`, `relationship`, `gua_mobileno`, `source`, `created_at`, `updated_at`, `nationality`, `nationalid`, `knownusfrom`, `patientcase`, `job`, `debitbalance`, `creditbalance`, `tel`) VALUES
(1, 'asdad', '1501', NULL, '1970-01-01', 'male', '', '', '', '', '', '', '', '', '', 'defualt.png', '', '', '', 1, '2022-12-27 21:16:19', '2022-12-27 21:16:19', 'asda', 'asd', 'facebook', 'asd', '', '', '', ''),
(2, 'asd', '1502', 0, '1970-01-01', 'male', '', '', '', '', '4', '', '', '', '', 'defualt.png', '', '', '', 1, '2022-12-27 21:16:32', '2022-12-28 17:14:17', 'asd', 'asdad', 'facebook', 'asd', '', '', '', ''),
(3, '', '1503', NULL, '1970-01-01', '', '', '', '', '', '', '', '', '', '', 'defualt.png', '', '', '', 1, '2022-12-28 17:26:48', '2022-12-28 17:26:48', '', '', 'select', '', '', '', '', '');

-- --------------------------------------------------------

--
-- Table structure for table `patient_category`
--

CREATE TABLE `patient_category` (
  `id` int(11) NOT NULL,
  `name` varchar(200) NOT NULL
) ENGINE=InnoDB DEFAULT CHARSET=utf8;

--
-- Dumping data for table `patient_category`
--

INSERT INTO `patient_category` (`id`, `name`) VALUES
(1, 'test');

-- --------------------------------------------------------

--
-- Table structure for table `patient_documents`
--

CREATE TABLE `patient_documents` (
  `id` int(11) NOT NULL,
  `patient_id` int(11) NOT NULL,
  `title` varchar(255) NOT NULL,
  `type` varchar(100) NOT NULL,
  `remarks` text NOT NULL,
  `file_name` varchar(255) NOT NULL,
  `enc_name` varchar(255) NOT NULL,
  `created_at` datetime NOT NULL DEFAULT current_timestamp(),
  `updated_at` datetime NOT NULL DEFAULT current_timestamp() ON UPDATE current_timestamp()
) ENGINE=InnoDB DEFAULT CHARSET=utf8;

-- --------------------------------------------------------

--
-- Table structure for table `payment_type`
--

CREATE TABLE `payment_type` (
  `id` int(11) NOT NULL,
  `name` varchar(100) NOT NULL
) ENGINE=InnoDB DEFAULT CHARSET=utf8;

--
-- Dumping data for table `payment_type`
--

INSERT INTO `payment_type` (`id`, `name`) VALUES
(1, 'Cash'),
(2, 'K-net'),
(3, 'Cancel Payment'),
(4, 'Master Card'),
(5, 'Visa Card'),
(6, 'Bank Transfer'),
(7, 'Sheel Coupon');

-- --------------------------------------------------------

--
-- Table structure for table `payout_commission`
--

CREATE TABLE `payout_commission` (
  `id` int(11) NOT NULL,
  `staff_id` int(11) NOT NULL,
  `bill_no` varchar(11) NOT NULL,
  `before_payout` decimal(18,2) NOT NULL DEFAULT 0.00,
  `amount` decimal(18,2) NOT NULL DEFAULT 0.00,
  `pay_via` int(11) NOT NULL,
  `remarks` text DEFAULT NULL,
  `paid_by` int(11) NOT NULL,
  `created_at` datetime NOT NULL DEFAULT current_timestamp()
) ENGINE=InnoDB DEFAULT CHARSET=utf8;

-- --------------------------------------------------------

--
-- Table structure for table `payslip`
--

CREATE TABLE `payslip` (
  `id` int(11) NOT NULL,
  `staff_id` int(11) NOT NULL,
  `month` varchar(20) DEFAULT NULL,
  `year` varchar(20) NOT NULL,
  `basic_salary` decimal(18,2) NOT NULL DEFAULT 0.00,
  `total_allowance` decimal(18,2) NOT NULL DEFAULT 0.00,
  `total_deduction` decimal(18,2) NOT NULL DEFAULT 0.00,
  `net_salary` decimal(18,2) NOT NULL DEFAULT 0.00,
  `bill_no` varchar(25) NOT NULL,
  `remarks` text NOT NULL,
  `pay_via` tinyint(1) NOT NULL,
  `hash` varchar(255) DEFAULT NULL,
  `paid_by` int(11) NOT NULL,
  `payment_date` date NOT NULL
) ENGINE=InnoDB DEFAULT CHARSET=utf8;

-- --------------------------------------------------------

--
-- Table structure for table `payslip_details`
--

CREATE TABLE `payslip_details` (
  `id` int(11) NOT NULL,
  `payslip_id` varchar(20) NOT NULL,
  `name` varchar(200) NOT NULL,
  `amount` decimal(18,2) NOT NULL DEFAULT 0.00,
  `type` tinyint(2) NOT NULL
) ENGINE=InnoDB DEFAULT CHARSET=utf8;

-- --------------------------------------------------------

--
-- Table structure for table `permission`
--

CREATE TABLE `permission` (
  `id` int(11) NOT NULL,
  `module_id` int(11) NOT NULL,
  `name` varchar(100) NOT NULL,
  `prefix` varchar(100) NOT NULL,
  `show_view` tinyint(2) DEFAULT 1,
  `show_add` tinyint(2) DEFAULT 1,
  `show_edit` tinyint(2) DEFAULT 1,
  `show_delete` tinyint(2) DEFAULT 1,
  `created_at` datetime NOT NULL DEFAULT current_timestamp()
) ENGINE=InnoDB DEFAULT CHARSET=utf8;

--
-- Dumping data for table `permission`
--

INSERT INTO `permission` (`id`, `module_id`, `name`, `prefix`, `show_view`, `show_add`, `show_edit`, `show_delete`, `created_at`) VALUES
(1, 2, 'Patient', 'patient', 1, 1, 1, 1, '2019-05-27 16:28:52'),
(2, 2, 'Patient Category', 'patient_category', 1, 1, 1, 1, '2019-05-27 16:28:52'),
(3, 6, 'Employee', 'employee', 1, 1, 1, 1, '2019-05-27 16:28:52'),
(4, 6, 'Department', 'department', 1, 1, 1, 1, '2019-05-27 16:28:52'),
(5, 6, 'Designation', 'designation', 1, 1, 1, 1, '2019-05-27 16:28:52'),
(6, 6, 'Login Deactivate', 'employee_disable_authentication', 1, 0, 1, 0, '2019-05-27 23:56:59'),
(7, 7, 'Salary Template', 'salary_template', 1, 1, 1, 1, '2019-05-27 17:09:28'),
(8, 7, 'Salary Assign', 'salary_assign', 1, 1, 0, 0, '2019-05-27 17:09:34'),
(9, 8, 'Lab Test', 'lab_test', 1, 1, 1, 1, '2019-05-27 16:28:52'),
(10, 8, 'Test Category', 'test_category', 1, 1, 1, 1, '2019-05-27 16:28:53'),
(11, 12, 'Test Report', 'test_report', 1, 1, 1, 0, '2019-05-27 16:28:53'),
(12, 12, 'Test Report Template', 'test_report_template', 1, 1, 1, 1, '2019-05-27 16:28:53'),
(13, 11, 'Lab Test Bill', 'lab_test_bill', 1, 1, 0, 1, '2019-05-27 23:12:14'),
(14, 11, 'Test Bill Report', 'test_bill_report', 1, 0, 0, 0, '2019-05-27 23:12:28'),
(15, 11, 'Test Bill Payment', 'test_bill_payment', 1, 1, 0, 0, '2019-05-27 23:12:28'),
(16, 9, 'Referral Assign', 'referral_assign', 1, 1, 1, 1, '2019-05-27 23:34:50'),
(17, 9, 'Commission Withdrawal', 'commission_withdrawal', 1, 1, 0, 1, '2019-05-27 23:34:59'),
(18, 9, 'Referral Reports', 'referral_reports', 1, 0, 0, 0, '2019-05-27 23:35:02'),
(19, 2, 'Login Deactivate', 'patient_disable_authentication', 1, 0, 1, 0, '2019-05-27 16:28:52'),
(20, 3, 'Purchase Payment', 'purchase_payment', 1, 1, 0, 0, '2019-05-28 01:02:18'),
(21, 13, 'Global Setting', 'global_setting', 1, 1, 0, 0, '2019-05-28 02:28:04'),
(22, 13, 'Email Setting', 'email_setting', 1, 1, 0, 0, '2019-05-29 12:42:40'),
(23, 13, 'Language', 'language', 1, 1, 1, 1, '2019-05-29 01:10:08'),
(24, 13, 'Database Backup', 'database_backup', 1, 1, 0, 1, '2019-05-28 12:54:40'),
(25, 13, 'Database Restore', 'database_restore', 0, 1, 0, 0, '2019-05-28 13:07:49'),
(26, 7, 'Salary Payment', 'salary_payment', 1, 1, 0, 0, '2019-05-30 14:27:03'),
(27, 7, 'Salary Summary Report', 'salary_summary_report', 1, 0, 0, 0, '2019-05-31 19:46:17'),
(28, 7, 'Leave Category', 'leave_category', 1, 1, 1, 1, '2019-06-02 01:12:59'),
(29, 7, 'My Leave', 'my_leave', 1, 1, 0, 1, '2019-06-03 21:01:42'),
(30, 7, 'Leave Manage', 'leave_manage', 1, 1, 0, 1, '2019-06-04 14:40:20'),
(31, 7, 'Staff Attendance', 'staff_attendance', 1, 1, 0, 0, '2019-06-05 01:53:37'),
(32, 10, 'Account', 'account', 1, 1, 1, 1, '2019-06-07 16:58:38'),
(33, 10, 'Voucher', 'voucher', 1, 1, 1, 1, '2019-06-09 01:17:14'),
(34, 10, 'Voucher Head', 'voucher_head', 1, 1, 1, 1, '2019-06-08 19:00:33'),
(35, 10, 'Accounting Reports', 'accounting_reports', 1, 0, 0, 0, '2019-06-09 20:56:59'),
(36, 4, 'Schedule', 'schedule', 1, 1, 1, 1, '2019-06-13 05:47:17'),
(37, 5, 'Appointment', 'appointment', 1, 1, 1, 1, '2019-06-13 05:56:41'),
(38, 5, 'Appointment Request', 'appointment_request', 1, 0, 1, 1, '2019-06-14 16:21:02'),
(39, 1, 'Today Invoice Widget', 'today_invoice_widget', 1, 0, 0, 0, '2019-06-17 00:02:40'),
(40, 1, 'Today Commission Widget', 'today_commission_widget', 1, 0, 0, 0, '2019-06-17 00:02:40'),
(41, 1, 'Today Income Widget', 'today_income_widget', 1, 0, 0, 0, '2019-06-17 00:02:40'),
(42, 1, 'Today Expense Widget', 'today_expense_widget', 1, 0, 0, 0, '2019-06-17 00:02:40'),
(43, 1, 'Annual Income Vs Expense Chart', 'annual_income_vs_expense_chart', 1, 0, 0, 0, '2019-06-17 00:27:47'),
(44, 1, 'Patient Count Widget', 'patient_count_widget', 1, 0, 0, 0, '2019-06-17 00:38:33'),
(45, 1, 'Doctor Count Widget', 'doctor_count_widget', 1, 0, 0, 0, '2019-06-17 00:38:33'),
(46, 1, 'Employee Count Widget', 'employee_count_widget', 1, 0, 0, 0, '2019-06-17 00:38:33'),
(47, 1, 'Appointment Count Widget', 'appointment_count_widget', 1, 0, 0, 0, '2019-06-17 00:38:33'),
(48, 1, 'Pathology Fees Summary Chart', 'pathology_fees_summary_chart', 1, 0, 0, 0, '2019-06-17 00:48:28'),
(49, 14, 'Frontend Setting', 'frontend_setting', 1, 1, 0, 0, '2019-09-11 03:24:07'),
(50, 14, 'Frontend Menu', 'frontend_menu', 1, 1, 1, 1, '2019-09-11 04:03:39'),
(51, 14, 'Frontend Section', 'frontend_section', 1, 1, 0, 0, '2019-09-11 04:26:11'),
(52, 14, 'Manage Page', 'manage_page', 1, 1, 1, 1, '2019-09-11 05:54:08'),
(53, 14, 'Frontend Slider', 'frontend_slider', 1, 1, 1, 1, '2019-09-11 06:12:31'),
(54, 14, 'Frontend Features', 'frontend_features', 1, 1, 1, 1, '2019-09-11 06:47:51'),
(55, 14, 'Frontend Testimonial', 'frontend_testimonial', 1, 1, 1, 1, '2019-09-11 06:54:30'),
(56, 14, 'Frontend Services', 'frontend_services', 1, 1, 1, 1, '2019-09-11 07:01:44'),
(57, 14, 'Frontend Faq', 'frontend_faq', 1, 1, 1, 1, '2019-09-11 07:06:16'),
(58, 13, 'Sms Setting', 'sms_setting', 1, 1, 0, 0, '2019-09-13 11:41:37'),
(59, 14, 'Doctor Short Bio', 'doctor_short_bio', 0, 1, 0, 0, '2019-09-17 20:13:12'),
(60, 1, 'Appointment Status Chart', 'appointment_status_chart', 1, 0, 0, 0, '2019-06-17 00:48:28'),
(61, 9, 'My Commission', 'my_commission', 1, 0, 0, 0, '2019-06-17 00:48:28');

-- --------------------------------------------------------

--
-- Table structure for table `permission_modules`
--

CREATE TABLE `permission_modules` (
  `id` int(11) NOT NULL,
  `name` varchar(50) NOT NULL,
  `prefix` varchar(50) NOT NULL,
  `system` tinyint(1) NOT NULL,
  `sorted` tinyint(10) NOT NULL,
  `created_at` datetime NOT NULL
) ENGINE=InnoDB DEFAULT CHARSET=utf8;

--
-- Dumping data for table `permission_modules`
--

INSERT INTO `permission_modules` (`id`, `name`, `prefix`, `system`, `sorted`, `created_at`) VALUES
(1, 'Dashboard', 'dashboard', 1, 1, '2019-05-27 04:23:00'),
(2, 'Patient Details', 'patient_details', 1, 3, '2019-05-27 04:23:00'),
(4, 'Schedule', 'schedule', 1, 5, '2019-05-27 04:23:00'),
(5, 'Appointment', 'appointment', 1, 6, '2019-05-27 04:23:00'),
(6, 'Employee', 'employee', 1, 7, '2019-05-27 04:23:00'),
(7, 'Human Resources', 'human_resources', 1, 8, '2019-05-27 04:23:00'),
(8, 'Pathology', 'test_manager', 1, 9, '2019-05-27 04:23:00'),
(9, 'Refer Manager', 'refer_manager', 1, 10, '2019-05-27 04:23:00'),
(10, 'Office Accounting', 'office_accounting', 1, 11, '2019-05-27 04:23:00'),
(11, 'Pathology Billing', 'billing', 1, 12, '2019-05-27 04:23:00'),
(12, 'Investigation Report', 'investigation_report', 1, 13, '2019-05-27 04:23:00'),
(13, 'Settings', 'settings', 1, 14, '2019-05-27 04:23:00'),
(14, 'Website', 'website', 1, 2, '2019-05-27 04:23:00');

-- --------------------------------------------------------

--
-- Table structure for table `purchase_bill`
--

CREATE TABLE `purchase_bill` (
  `id` int(11) NOT NULL,
  `bill_no` varchar(200) NOT NULL,
  `supplier_id` int(11) NOT NULL,
  `remarks` text NOT NULL,
  `total` decimal(18,2) NOT NULL DEFAULT 0.00,
  `discount` decimal(18,2) NOT NULL DEFAULT 0.00,
  `paid` decimal(18,2) NOT NULL DEFAULT 0.00,
  `due` decimal(18,2) NOT NULL DEFAULT 0.00,
  `payment_status` int(11) NOT NULL,
  `purchase_status` int(11) NOT NULL,
  `hash` varchar(255) DEFAULT NULL,
  `date` date DEFAULT NULL,
  `prepared_by` int(11) DEFAULT NULL,
  `modifier_id` int(11) DEFAULT NULL,
  `created_at` datetime NOT NULL DEFAULT current_timestamp(),
  `updated_at` datetime DEFAULT current_timestamp() ON UPDATE current_timestamp()
) ENGINE=InnoDB DEFAULT CHARSET=utf8;

--
-- Dumping data for table `purchase_bill`
--

INSERT INTO `purchase_bill` (`id`, `bill_no`, `supplier_id`, `remarks`, `total`, `discount`, `paid`, `due`, `payment_status`, `purchase_status`, `hash`, `date`, `prepared_by`, `modifier_id`, `created_at`, `updated_at`) VALUES
(2, '0001', 1, 'asda', '550.00', '0.00', '550.00', '0.00', 3, 2, 'f8c2dd39276b60016205e6ea4dd02ed2', '2023-01-01', 1, 1, '2023-01-01 20:22:48', '2023-01-01 20:23:35');

-- --------------------------------------------------------

--
-- Table structure for table `purchase_bill_details`
--

CREATE TABLE `purchase_bill_details` (
  `id` int(11) NOT NULL,
  `purchase_bill_id` int(11) NOT NULL,
  `chemical_id` varchar(20) NOT NULL,
  `unit_price` decimal(18,2) NOT NULL DEFAULT 0.00,
  `quantity` varchar(20) NOT NULL,
  `discount` decimal(18,2) NOT NULL DEFAULT 0.00,
  `sub_total` decimal(18,2) NOT NULL DEFAULT 0.00
) ENGINE=InnoDB DEFAULT CHARSET=utf8;

--
-- Dumping data for table `purchase_bill_details`
--

INSERT INTO `purchase_bill_details` (`id`, `purchase_bill_id`, `chemical_id`, `unit_price`, `quantity`, `discount`, `sub_total`) VALUES
(2, 2, '3', '10.00', '55', '0.00', '550.00');

-- --------------------------------------------------------

--
-- Table structure for table `purchase_payment_history`
--

CREATE TABLE `purchase_payment_history` (
  `id` int(11) NOT NULL,
  `purchase_bill_id` varchar(11) NOT NULL,
  `payment_by` int(11) DEFAULT NULL,
  `amount` decimal(18,2) NOT NULL DEFAULT 0.00,
  `pay_via` varchar(25) NOT NULL,
  `remarks` text NOT NULL,
  `attach_orig_name` varchar(255) DEFAULT NULL,
  `attach_file_name` varchar(255) DEFAULT NULL,
  `paid_on` date DEFAULT NULL,
  `coll_type` tinyint(4) NOT NULL DEFAULT 0
) ENGINE=InnoDB DEFAULT CHARSET=utf8;

--
-- Dumping data for table `purchase_payment_history`
--

INSERT INTO `purchase_payment_history` (`id`, `purchase_bill_id`, `payment_by`, `amount`, `pay_via`, `remarks`, `attach_orig_name`, `attach_file_name`, `paid_on`, `coll_type`) VALUES
(1, '2', 1, '550.00', '1', '', '', '', '2023-01-01', 1);

-- --------------------------------------------------------

--
-- Table structure for table `referral_commission`
--

CREATE TABLE `referral_commission` (
  `id` int(11) NOT NULL,
  `staff_id` int(11) NOT NULL,
  `test_id` int(11) NOT NULL,
  `percentage` varchar(10) NOT NULL,
  `assign_by` int(11) NOT NULL,
  `date` date DEFAULT NULL
) ENGINE=InnoDB DEFAULT CHARSET=utf8;

-- --------------------------------------------------------

--
-- Table structure for table `reset_password`
--

CREATE TABLE `reset_password` (
  `key` longtext NOT NULL,
  `username` varchar(100) NOT NULL,
  `login_credential_id` varchar(100) NOT NULL,
  `created_at` datetime NOT NULL DEFAULT current_timestamp()
) ENGINE=InnoDB DEFAULT CHARSET=utf8;

-- --------------------------------------------------------

--
-- Table structure for table `roles`
--

CREATE TABLE `roles` (
  `id` int(11) NOT NULL,
  `name` varchar(50) NOT NULL,
  `prefix` varchar(50) DEFAULT NULL,
  `is_system` varchar(10) NOT NULL
) ENGINE=InnoDB DEFAULT CHARSET=utf8;

--
-- Dumping data for table `roles`
--

INSERT INTO `roles` (`id`, `name`, `prefix`, `is_system`) VALUES
(1, 'Super Admin', 'superadmin', '1'),
(2, 'Admin', 'admin', '1'),
(3, 'Doctor', 'doctor', '1'),
(4, 'Accountant', 'accountant', '1'),
(5, 'Nurse', 'nurse', '1'),
(6, 'Receptionist', 'receptionist', '1'),
(7, 'Patient', 'patient', '1'),
(8, 'Therapist', 'therapist', '0'),
(9, 'HBO', 'hbo', '0');

-- --------------------------------------------------------

--
-- Table structure for table `salary_template`
--

CREATE TABLE `salary_template` (
  `id` int(11) NOT NULL,
  `name` varchar(200) NOT NULL,
  `basic_salary` decimal(18,2) NOT NULL DEFAULT 0.00,
  `overtime_salary` varchar(100) NOT NULL DEFAULT '0',
  `created_at` datetime NOT NULL DEFAULT current_timestamp(),
  `updated_at` datetime NOT NULL DEFAULT current_timestamp() ON UPDATE current_timestamp()
) ENGINE=InnoDB DEFAULT CHARSET=utf8;

--
-- Dumping data for table `salary_template`
--

INSERT INTO `salary_template` (`id`, `name`, `basic_salary`, `overtime_salary`, `created_at`, `updated_at`) VALUES
(1, 'AKdjsd', '12.00', '33', '2022-12-28 17:22:34', '2022-12-28 17:22:34');

-- --------------------------------------------------------

--
-- Table structure for table `salary_template_details`
--

CREATE TABLE `salary_template_details` (
  `id` int(11) NOT NULL,
  `salary_template_id` varchar(20) NOT NULL,
  `name` varchar(200) NOT NULL,
  `amount` decimal(18,2) NOT NULL DEFAULT 0.00,
  `type` tinyint(2) NOT NULL
) ENGINE=InnoDB DEFAULT CHARSET=utf8;

-- --------------------------------------------------------

--
-- Table structure for table `schedule`
--

CREATE TABLE `schedule` (
  `id` int(11) NOT NULL,
  `day` varchar(100) NOT NULL,
  `doctor_id` varchar(11) NOT NULL,
  `time_start` time NOT NULL,
  `time_end` time NOT NULL,
  `date` varchar(255) DEFAULT NULL,
  `per_patient_time` varchar(50) NOT NULL DEFAULT '0',
  `active` tinyint(1) NOT NULL DEFAULT 1,
  `consultation_fees` decimal(18,2) DEFAULT 0.00,
  `created_at` datetime NOT NULL DEFAULT current_timestamp(),
  `updated_at` datetime NOT NULL DEFAULT current_timestamp() ON UPDATE current_timestamp()
) ENGINE=InnoDB DEFAULT CHARSET=utf8;

--
-- Dumping data for table `schedule`
--

INSERT INTO `schedule` (`id`, `day`, `doctor_id`, `time_start`, `time_end`, `date`, `per_patient_time`, `active`, `consultation_fees`, `created_at`, `updated_at`) VALUES
(3, 'Saturday', '3', '09:00:00', '19:00:00', NULL, '30', 1, '20.00', '2022-12-05 08:03:42', '2022-12-05 08:03:42'),
(4, 'Monday', '3', '11:00:00', '11:00:00', '2022-11-16', '12', 1, '12.00', '2022-12-14 10:55:03', '2022-12-14 10:56:55'),
(5, 'Wednesday', '4', '12:15:00', '23:15:00', '2022-12-31', '1', 1, '2.00', '2022-12-28 17:07:59', '2022-12-28 17:07:59'),
(6, 'Friday', '4', '00:00:00', '23:45:00', '2022-12-30', '12', 1, '12.00', '2022-12-30 09:36:06', '2022-12-30 09:36:06');

-- --------------------------------------------------------

--
-- Table structure for table `services`
--

CREATE TABLE `services` (
  `id` int(11) NOT NULL,
  `name` varchar(255) NOT NULL,
  `from_date` varchar(50) NOT NULL,
  `to_date` varchar(50) NOT NULL,
  `amount` varchar(50) NOT NULL,
  `created_at` varchar(50) NOT NULL,
  `updated_at` varchar(50) NOT NULL
) ENGINE=InnoDB DEFAULT CHARSET=utf8mb4;

--
-- Dumping data for table `services`
--

INSERT INTO `services` (`id`, `name`, `from_date`, `to_date`, `amount`, `created_at`, `updated_at`) VALUES
(2, 'First Service', '2022-12-15', '2022-12-21', '122', '', '');

-- --------------------------------------------------------

--
-- Table structure for table `sms_config`
--

CREATE TABLE `sms_config` (
  `id` int(11) NOT NULL,
  `clickatell_username` varchar(255) NOT NULL,
  `clickatell_password` varchar(255) NOT NULL,
  `clickatell_api_key` varchar(255) NOT NULL,
  `clickatell_number` varchar(255) NOT NULL,
  `twilio_account_sid` varchar(255) NOT NULL,
  `twilio_auth_token` varchar(255) NOT NULL,
  `twilio_number` varchar(255) NOT NULL,
  `active_gateway` varchar(50) NOT NULL
) ENGINE=InnoDB DEFAULT CHARSET=utf8;

--
-- Dumping data for table `sms_config`
--

INSERT INTO `sms_config` (`id`, `clickatell_username`, `clickatell_password`, `clickatell_api_key`, `clickatell_number`, `twilio_account_sid`, `twilio_auth_token`, `twilio_number`, `active_gateway`) VALUES
(1, '', '', '', '', '', '', '', 'disabled');

-- --------------------------------------------------------

--
-- Table structure for table `sms_templates`
--

CREATE TABLE `sms_templates` (
  `id` int(11) NOT NULL,
  `sms_type` varchar(200) NOT NULL,
  `subject` varchar(250) NOT NULL,
  `template_body` longtext NOT NULL,
  `tags` longtext NOT NULL,
  `notified` int(11) NOT NULL DEFAULT 1
) ENGINE=InnoDB DEFAULT CHARSET=utf8;

--
-- Dumping data for table `sms_templates`
--

INSERT INTO `sms_templates` (`id`, `sms_type`, `subject`, `template_body`, `tags`, `notified`) VALUES
(1, 'account_registered', '', '', '{institute_name}, {name}, {username}, {password}, {user_role}, {login_url}', 0),
(2, 'appointment_confirmation', '', '', '{institute_name}, {patient_name}, {doctor_name}, {appointment_id}, {schedule_time}, {appointment_date}', 0),
(3, 'appointment_canceled', '', '', '{institute_name}, {patient_name}, {doctor_name}, {appointment_id}, {schedule_time}, {appointment_date}', 0),
(4, 'appointment_request', '', '', '{institute_name}, {patient_name}, {doctor_name}, {appointment_id}, {schedule_time}, {appointment_date}', 0);

-- --------------------------------------------------------

--
-- Table structure for table `staff`
--

CREATE TABLE `staff` (
  `id` int(11) NOT NULL,
  `staff_id` varchar(10) NOT NULL,
  `name` varchar(255) NOT NULL,
  `department` int(11) NOT NULL,
  `qualification` varchar(200) NOT NULL,
  `designation` int(11) NOT NULL,
  `joining_date` date NOT NULL,
  `birthday` date NOT NULL,
  `gender` varchar(12) NOT NULL,
  `religion` varchar(200) NOT NULL,
  `blood_group` varchar(11) NOT NULL,
  `marital_status` varchar(10) NOT NULL,
  `address` mediumtext NOT NULL,
  `state` varchar(255) NOT NULL,
  `city` varchar(200) NOT NULL,
  `mobileno` varchar(30) NOT NULL,
  `email` varchar(255) NOT NULL,
  `salary_template_id` int(11) DEFAULT 0,
  `photo` varchar(255) DEFAULT NULL,
  `nid` varchar(200) NOT NULL,
  `facebook_url` varchar(255) NOT NULL,
  `linkedin_url` varchar(255) NOT NULL,
  `twitter_url` varchar(255) NOT NULL,
  `created_at` datetime NOT NULL DEFAULT current_timestamp(),
  `updated_at` datetime DEFAULT current_timestamp() ON UPDATE current_timestamp()
) ENGINE=InnoDB DEFAULT CHARSET=utf8;

--
-- Dumping data for table `staff`
--

INSERT INTO `staff` (`id`, `staff_id`, `name`, `department`, `qualification`, `designation`, `joining_date`, `birthday`, `gender`, `religion`, `blood_group`, `marital_status`, `address`, `state`, `city`, `mobileno`, `email`, `salary_template_id`, `photo`, `nid`, `facebook_url`, `linkedin_url`, `twitter_url`, `created_at`, `updated_at`) VALUES
(4, 'a9509ee', 'asdad', 1, 'asdad', 1, '2022-12-28', '2022-07-07', 'male', 'asdad', 'A+', '2', 'asdad', '', '', 'asd', 'asda222sd@gmail.com', 1, 'defualt.png', '', '', '', '', '2022-12-28 17:06:51', '2022-12-28 17:22:44'),
(5, '942f36b', 'sdadjlasd', 1, 'Qualification', 1, '2022-12-28', '2022-12-28', 'female', 'adadjladj', 'B+', '4', 'asdadasd', '', '', '89283942931', 'ali.astapor@gmail.com', 1, 'b8eb6af697aa63eba2bc67808705e1de.png', '', '', '', '', '2022-12-28 17:18:57', '2022-12-28 17:22:44');

-- --------------------------------------------------------

--
-- Table structure for table `staff_attendance`
--

CREATE TABLE `staff_attendance` (
  `id` int(11) NOT NULL,
  `staff_id` varchar(20) NOT NULL,
  `status` varchar(2) DEFAULT NULL,
  `remark` varchar(255) NOT NULL,
  `date` date NOT NULL
) ENGINE=InnoDB DEFAULT CHARSET=utf8;

--
-- Dumping data for table `staff_attendance`
--

INSERT INTO `staff_attendance` (`id`, `staff_id`, `status`, `remark`, `date`) VALUES
(1, '2', 'H', '', '2022-12-04');

-- --------------------------------------------------------

--
-- Table structure for table `staff_balance`
--

CREATE TABLE `staff_balance` (
  `id` int(11) NOT NULL,
  `staff_id` int(11) NOT NULL,
  `amount` decimal(18,2) NOT NULL DEFAULT 0.00,
  `created_at` datetime NOT NULL DEFAULT current_timestamp(),
  `updated_at` datetime NOT NULL DEFAULT current_timestamp() ON UPDATE current_timestamp()
) ENGINE=InnoDB DEFAULT CHARSET=utf8;

--
-- Dumping data for table `staff_balance`
--

INSERT INTO `staff_balance` (`id`, `staff_id`, `amount`, `created_at`, `updated_at`) VALUES
(1, 2, '0.00', '2022-12-04 20:55:04', '2022-12-04 20:55:04'),
(2, 3, '0.00', '2022-12-05 07:17:30', '2022-12-05 07:17:30'),
(3, 4, '0.00', '2022-12-28 17:06:51', '2022-12-28 17:06:51'),
(4, 5, '0.00', '2022-12-28 17:18:57', '2022-12-28 17:18:57');

-- --------------------------------------------------------

--
-- Table structure for table `staff_bank_account`
--

CREATE TABLE `staff_bank_account` (
  `id` int(11) NOT NULL,
  `staff_id` int(11) NOT NULL,
  `bank_name` varchar(200) NOT NULL,
  `holder_name` varchar(255) NOT NULL,
  `bank_branch` varchar(255) NOT NULL,
  `bank_address` varchar(255) NOT NULL,
  `ifsc_code` varchar(200) NOT NULL,
  `account_no` varchar(200) NOT NULL,
  `created_at` datetime NOT NULL DEFAULT current_timestamp(),
  `updated_at` datetime NOT NULL DEFAULT current_timestamp() ON UPDATE current_timestamp()
) ENGINE=InnoDB DEFAULT CHARSET=utf8;

--
-- Dumping data for table `staff_bank_account`
--

INSERT INTO `staff_bank_account` (`id`, `staff_id`, `bank_name`, `holder_name`, `bank_branch`, `bank_address`, `ifsc_code`, `account_no`, `created_at`, `updated_at`) VALUES
(1, 2, 'njjjjjjjjjjjjjjj', 'mmmmmmmmmmmmmmm', 'mmmmmmmmmm', 'Damnhour Egypt', '', '99999999999999999', '2022-12-04 20:55:04', '2022-12-04 20:55:04'),
(2, 3, 'NBK', 'NBK', 'NBK', '', '', '2584848', '2022-12-05 07:17:30', '2022-12-05 07:17:30'),
(3, 4, 'asad', 'adasd', 'asdad', 'asda', 'asd', 'asd', '2022-12-28 17:06:51', '2022-12-28 17:06:51'),
(4, 5, 'asdad', 'asd', 'asdad', 'asda', 'ada', 'adad', '2022-12-28 17:18:57', '2022-12-28 17:18:57');

-- --------------------------------------------------------

--
-- Table structure for table `staff_department`
--

CREATE TABLE `staff_department` (
  `id` int(11) NOT NULL,
  `name` varchar(255) NOT NULL,
  `created_at` datetime NOT NULL DEFAULT current_timestamp(),
  `updated_at` datetime NOT NULL DEFAULT current_timestamp() ON UPDATE current_timestamp()
) ENGINE=InnoDB DEFAULT CHARSET=utf8;

--
-- Dumping data for table `staff_department`
--

INSERT INTO `staff_department` (`id`, `name`, `created_at`, `updated_at`) VALUES
(1, 'Test', '2022-12-04 20:53:31', '2022-12-04 20:53:31');

-- --------------------------------------------------------

--
-- Table structure for table `staff_designation`
--

CREATE TABLE `staff_designation` (
  `id` int(11) NOT NULL,
  `name` varchar(255) NOT NULL,
  `created_at` datetime NOT NULL DEFAULT current_timestamp(),
  `updated_at` datetime NOT NULL DEFAULT current_timestamp() ON UPDATE current_timestamp()
) ENGINE=InnoDB DEFAULT CHARSET=utf8;

--
-- Dumping data for table `staff_designation`
--

INSERT INTO `staff_designation` (`id`, `name`, `created_at`, `updated_at`) VALUES
(1, 'Test two', '2022-12-04 20:53:40', '2022-12-04 20:53:40');

-- --------------------------------------------------------

--
-- Table structure for table `staff_documents`
--

CREATE TABLE `staff_documents` (
  `id` int(11) NOT NULL,
  `staff_id` int(11) NOT NULL,
  `title` varchar(255) NOT NULL,
  `category_id` varchar(20) NOT NULL,
  `remarks` text NOT NULL,
  `file_name` varchar(255) NOT NULL,
  `enc_name` varchar(255) NOT NULL,
  `created_at` datetime NOT NULL DEFAULT current_timestamp(),
  `updated_at` datetime NOT NULL DEFAULT current_timestamp() ON UPDATE current_timestamp()
) ENGINE=InnoDB DEFAULT CHARSET=utf8;

-- --------------------------------------------------------

--
-- Table structure for table `staff_privileges`
--

CREATE TABLE `staff_privileges` (
  `id` int(11) NOT NULL,
  `role_id` int(11) NOT NULL,
  `permission_id` int(11) NOT NULL,
  `is_add` tinyint(1) NOT NULL,
  `is_edit` tinyint(1) NOT NULL,
  `is_view` tinyint(1) NOT NULL,
  `is_delete` tinyint(1) NOT NULL
) ENGINE=InnoDB DEFAULT CHARSET=utf8;

--
-- Dumping data for table `staff_privileges`
--

INSERT INTO `staff_privileges` (`id`, `role_id`, `permission_id`, `is_add`, `is_edit`, `is_view`, `is_delete`) VALUES
(1, 2, 39, 0, 0, 1, 0),
(2, 2, 40, 0, 0, 1, 0),
(3, 2, 41, 0, 0, 1, 0),
(4, 2, 42, 0, 0, 1, 0),
(5, 2, 43, 0, 0, 1, 0),
(6, 2, 44, 0, 0, 1, 0),
(7, 2, 45, 0, 0, 1, 0),
(8, 2, 46, 0, 0, 1, 0),
(9, 2, 47, 0, 0, 1, 0),
(10, 2, 48, 0, 0, 1, 0),
(11, 2, 49, 1, 0, 1, 0),
(12, 2, 50, 1, 1, 1, 1),
(13, 2, 51, 1, 0, 1, 0),
(14, 2, 52, 1, 1, 1, 1),
(15, 2, 53, 1, 1, 1, 1),
(16, 2, 54, 1, 1, 1, 1),
(17, 2, 55, 1, 1, 1, 1),
(18, 2, 56, 1, 1, 1, 1),
(19, 2, 57, 1, 1, 1, 1),
(20, 2, 59, 1, 0, 0, 0),
(21, 2, 1, 1, 1, 1, 1),
(22, 2, 2, 1, 1, 1, 1),
(23, 2, 19, 0, 1, 1, 0),
(24, 2, 36, 1, 1, 1, 1),
(25, 2, 37, 1, 1, 1, 1),
(26, 2, 38, 0, 1, 1, 1),
(27, 2, 3, 1, 1, 1, 1),
(28, 2, 4, 1, 1, 1, 1),
(29, 2, 5, 1, 1, 1, 1),
(30, 2, 6, 0, 1, 1, 0),
(31, 2, 7, 1, 1, 1, 1),
(32, 2, 8, 1, 0, 1, 0),
(33, 2, 26, 1, 0, 1, 0),
(34, 2, 27, 0, 0, 1, 0),
(35, 2, 28, 1, 1, 1, 1),
(36, 2, 29, 1, 0, 1, 1),
(37, 2, 30, 1, 0, 1, 1),
(38, 2, 31, 1, 0, 1, 0),
(39, 2, 9, 1, 1, 1, 1),
(40, 2, 10, 1, 1, 1, 1),
(41, 2, 16, 1, 1, 1, 1),
(42, 2, 17, 1, 0, 1, 1),
(43, 2, 18, 0, 0, 1, 0),
(44, 2, 32, 1, 1, 1, 1),
(45, 2, 33, 1, 1, 1, 1),
(46, 2, 34, 1, 1, 1, 1),
(47, 2, 35, 0, 0, 1, 0),
(48, 2, 13, 1, 0, 1, 1),
(49, 2, 14, 0, 0, 1, 0),
(50, 2, 15, 1, 0, 1, 0),
(51, 2, 11, 1, 1, 1, 0),
(52, 2, 12, 1, 1, 1, 1),
(53, 2, 21, 1, 0, 1, 0),
(54, 2, 22, 1, 0, 1, 0),
(55, 2, 23, 1, 1, 1, 1),
(56, 2, 24, 1, 0, 1, 1),
(57, 2, 25, 1, 0, 0, 0),
(58, 2, 58, 1, 0, 1, 0),
(59, 3, 39, 0, 0, 0, 0),
(60, 3, 40, 0, 0, 0, 0),
(61, 3, 41, 0, 0, 0, 0),
(62, 3, 42, 0, 0, 0, 0),
(63, 3, 43, 0, 0, 0, 0),
(64, 3, 44, 0, 0, 1, 0),
(65, 3, 45, 0, 0, 1, 0),
(66, 3, 46, 0, 0, 1, 0),
(67, 3, 47, 0, 0, 1, 0),
(68, 3, 48, 0, 0, 0, 0),
(69, 3, 49, 0, 0, 0, 0),
(70, 3, 50, 0, 0, 0, 0),
(71, 3, 51, 0, 0, 0, 0),
(72, 3, 52, 0, 0, 0, 0),
(73, 3, 53, 0, 0, 0, 0),
(74, 3, 54, 0, 0, 0, 0),
(75, 3, 55, 0, 0, 0, 0),
(76, 3, 56, 0, 0, 0, 0),
(77, 3, 57, 0, 0, 0, 0),
(78, 3, 59, 0, 0, 0, 0),
(79, 3, 1, 0, 0, 1, 0),
(80, 3, 2, 0, 0, 0, 0),
(81, 3, 19, 0, 0, 0, 0),
(82, 3, 36, 0, 0, 1, 0),
(83, 3, 37, 0, 0, 1, 0),
(84, 3, 38, 0, 0, 1, 0),
(85, 3, 3, 0, 0, 1, 0),
(86, 3, 4, 0, 0, 0, 0),
(87, 3, 5, 0, 0, 0, 0),
(88, 3, 6, 0, 0, 0, 0),
(89, 3, 7, 0, 0, 0, 0),
(90, 3, 8, 0, 0, 0, 0),
(91, 3, 26, 0, 0, 0, 0),
(92, 3, 27, 0, 0, 0, 0),
(93, 3, 28, 0, 0, 0, 0),
(94, 3, 29, 0, 0, 0, 0),
(95, 3, 30, 0, 0, 0, 0),
(96, 3, 31, 0, 0, 0, 0),
(97, 3, 9, 0, 0, 0, 0),
(98, 3, 10, 0, 0, 0, 0),
(99, 3, 16, 0, 0, 0, 0),
(100, 3, 17, 0, 0, 1, 0),
(101, 3, 18, 0, 0, 0, 0),
(102, 3, 32, 0, 0, 0, 0),
(103, 3, 33, 0, 0, 0, 0),
(104, 3, 34, 0, 0, 0, 0),
(105, 3, 35, 0, 0, 0, 0),
(106, 3, 13, 0, 0, 0, 0),
(107, 3, 14, 0, 0, 0, 0),
(108, 3, 15, 0, 0, 0, 0),
(109, 3, 11, 0, 0, 0, 0),
(110, 3, 12, 0, 0, 0, 0),
(111, 3, 21, 0, 0, 0, 0),
(112, 3, 22, 0, 0, 0, 0),
(113, 3, 23, 0, 0, 0, 0),
(114, 3, 24, 0, 0, 0, 0),
(115, 3, 25, 0, 0, 0, 0),
(116, 3, 58, 0, 0, 0, 0),
(117, 4, 39, 0, 0, 1, 0),
(118, 4, 40, 0, 0, 1, 0),
(119, 4, 41, 0, 0, 1, 0),
(120, 4, 42, 0, 0, 1, 0),
(121, 4, 43, 0, 0, 1, 0),
(122, 4, 44, 0, 0, 1, 0),
(123, 4, 45, 0, 0, 1, 0),
(124, 4, 46, 0, 0, 1, 0),
(125, 4, 47, 0, 0, 0, 0),
(126, 4, 48, 0, 0, 1, 0),
(127, 4, 49, 0, 0, 0, 0),
(128, 4, 50, 0, 0, 0, 0),
(129, 4, 51, 0, 0, 0, 0),
(130, 4, 52, 0, 0, 0, 0),
(131, 4, 53, 0, 0, 0, 0),
(132, 4, 54, 0, 0, 0, 0),
(133, 4, 55, 0, 0, 0, 0),
(134, 4, 56, 0, 0, 0, 0),
(135, 4, 57, 0, 0, 0, 0),
(136, 4, 59, 0, 0, 0, 0),
(137, 4, 1, 1, 1, 1, 1),
(138, 4, 2, 1, 1, 1, 1),
(139, 4, 19, 0, 0, 0, 0),
(140, 4, 36, 0, 0, 0, 0),
(141, 4, 37, 0, 0, 0, 0),
(142, 4, 38, 0, 0, 0, 0),
(143, 4, 3, 0, 0, 1, 0),
(144, 4, 4, 0, 0, 0, 0),
(145, 4, 5, 0, 0, 0, 0),
(146, 4, 6, 0, 0, 0, 0),
(147, 4, 7, 1, 1, 1, 1),
(148, 4, 8, 1, 0, 1, 0),
(149, 4, 26, 1, 0, 1, 0),
(150, 4, 27, 0, 0, 1, 0),
(151, 4, 28, 1, 1, 1, 1),
(152, 4, 29, 1, 0, 1, 1),
(153, 4, 30, 1, 0, 1, 1),
(154, 4, 31, 1, 0, 1, 0),
(155, 4, 9, 0, 0, 0, 0),
(156, 4, 10, 0, 0, 0, 0),
(157, 4, 16, 0, 0, 0, 0),
(158, 4, 17, 0, 0, 0, 0),
(159, 4, 18, 0, 0, 0, 0),
(160, 4, 32, 1, 1, 1, 1),
(161, 4, 33, 1, 1, 1, 1),
(162, 4, 34, 1, 1, 1, 1),
(163, 4, 35, 0, 0, 1, 0),
(164, 4, 13, 1, 0, 1, 0),
(165, 4, 14, 0, 0, 1, 0),
(166, 4, 15, 1, 0, 1, 0),
(167, 4, 11, 0, 0, 0, 0),
(168, 4, 12, 0, 0, 0, 0),
(169, 4, 21, 0, 0, 0, 0),
(170, 4, 22, 0, 0, 0, 0),
(171, 4, 23, 0, 0, 0, 0),
(172, 4, 24, 0, 0, 0, 0),
(173, 4, 25, 0, 0, 0, 0),
(174, 4, 58, 0, 0, 0, 0),
(175, 5, 39, 0, 0, 0, 0),
(176, 5, 40, 0, 0, 0, 0),
(177, 5, 41, 0, 0, 0, 0),
(178, 5, 42, 0, 0, 0, 0),
(179, 5, 43, 0, 0, 0, 0),
(180, 5, 44, 0, 0, 1, 0),
(181, 5, 45, 0, 0, 1, 0),
(182, 5, 46, 0, 0, 1, 0),
(183, 5, 47, 0, 0, 0, 0),
(184, 5, 48, 0, 0, 0, 0),
(185, 5, 49, 0, 0, 0, 0),
(186, 5, 50, 0, 0, 0, 0),
(187, 5, 51, 0, 0, 0, 0),
(188, 5, 52, 0, 0, 0, 0),
(189, 5, 53, 0, 0, 0, 0),
(190, 5, 54, 0, 0, 0, 0),
(191, 5, 55, 0, 0, 0, 0),
(192, 5, 56, 0, 0, 0, 0),
(193, 5, 57, 0, 0, 0, 0),
(194, 5, 59, 0, 0, 0, 0),
(195, 5, 1, 0, 0, 0, 0),
(196, 5, 2, 0, 0, 0, 0),
(197, 5, 19, 0, 0, 0, 0),
(198, 5, 36, 0, 0, 0, 0),
(199, 5, 37, 0, 0, 0, 0),
(200, 5, 38, 0, 0, 0, 0),
(201, 5, 3, 0, 0, 0, 0),
(202, 5, 4, 0, 0, 0, 0),
(203, 5, 5, 0, 0, 0, 0),
(204, 5, 6, 0, 0, 0, 0),
(205, 5, 7, 0, 0, 0, 0),
(206, 5, 8, 0, 0, 0, 0),
(207, 5, 26, 0, 0, 0, 0),
(208, 5, 27, 0, 0, 0, 0),
(209, 5, 28, 0, 0, 0, 0),
(210, 5, 29, 0, 0, 0, 0),
(211, 5, 30, 0, 0, 0, 0),
(212, 5, 31, 0, 0, 0, 0),
(213, 5, 9, 0, 0, 0, 0),
(214, 5, 10, 0, 0, 0, 0),
(215, 5, 16, 0, 0, 0, 0),
(216, 5, 17, 0, 0, 0, 0),
(217, 5, 18, 0, 0, 0, 0),
(218, 5, 32, 0, 0, 0, 0),
(219, 5, 33, 0, 0, 0, 0),
(220, 5, 34, 0, 0, 0, 0),
(221, 5, 35, 0, 0, 0, 0),
(222, 5, 13, 0, 0, 0, 0),
(223, 5, 14, 0, 0, 0, 0),
(224, 5, 15, 0, 0, 0, 0),
(225, 5, 11, 1, 1, 1, 0),
(226, 5, 12, 1, 1, 1, 1),
(227, 5, 21, 0, 0, 0, 0),
(228, 5, 22, 0, 0, 0, 0),
(229, 5, 23, 0, 0, 0, 0),
(230, 5, 24, 0, 0, 0, 0),
(231, 5, 25, 0, 0, 0, 0),
(232, 5, 58, 0, 0, 0, 0),
(233, 6, 39, 0, 0, 1, 0),
(234, 6, 40, 0, 0, 1, 0),
(235, 6, 41, 0, 0, 0, 0),
(236, 6, 42, 0, 0, 0, 0),
(237, 6, 43, 0, 0, 0, 0),
(238, 6, 44, 0, 0, 1, 0),
(239, 6, 45, 0, 0, 1, 0),
(240, 6, 46, 0, 0, 1, 0),
(241, 6, 47, 0, 0, 0, 0),
(242, 6, 48, 0, 0, 0, 0),
(243, 6, 49, 0, 0, 0, 0),
(244, 6, 50, 0, 0, 0, 0),
(245, 6, 51, 0, 0, 0, 0),
(246, 6, 52, 0, 0, 0, 0),
(247, 6, 53, 0, 0, 0, 0),
(248, 6, 54, 0, 0, 0, 0),
(249, 6, 55, 0, 0, 0, 0),
(250, 6, 56, 0, 0, 0, 0),
(251, 6, 57, 0, 0, 0, 0),
(252, 6, 59, 0, 0, 0, 0),
(253, 6, 1, 1, 1, 1, 1),
(254, 6, 2, 1, 1, 1, 1),
(255, 6, 19, 0, 0, 0, 0),
(256, 6, 36, 0, 0, 0, 0),
(257, 6, 37, 0, 0, 0, 0),
(258, 6, 38, 0, 0, 0, 0),
(259, 6, 3, 0, 0, 0, 0),
(260, 6, 4, 0, 0, 0, 0),
(261, 6, 5, 0, 0, 0, 0),
(262, 6, 6, 0, 0, 0, 0),
(263, 6, 7, 0, 0, 0, 0),
(264, 6, 8, 0, 0, 0, 0),
(265, 6, 26, 0, 0, 0, 0),
(266, 6, 27, 0, 0, 0, 0),
(267, 6, 28, 0, 0, 0, 0),
(268, 6, 29, 0, 0, 0, 0),
(269, 6, 30, 0, 0, 0, 0),
(270, 6, 31, 0, 0, 0, 0),
(271, 6, 9, 0, 0, 0, 0),
(272, 6, 10, 0, 0, 0, 0),
(273, 6, 16, 0, 0, 0, 0),
(274, 6, 17, 0, 0, 0, 0),
(275, 6, 18, 0, 0, 0, 0),
(276, 6, 32, 0, 0, 0, 0),
(277, 6, 33, 0, 0, 0, 0),
(278, 6, 34, 0, 0, 0, 0),
(279, 6, 35, 0, 0, 0, 0),
(280, 6, 13, 1, 0, 1, 1),
(281, 6, 14, 0, 0, 1, 0),
(282, 6, 15, 1, 0, 1, 0),
(283, 6, 11, 0, 0, 0, 0),
(284, 6, 12, 0, 0, 0, 0),
(285, 6, 21, 0, 0, 0, 0),
(286, 6, 22, 0, 0, 0, 0),
(287, 6, 23, 0, 0, 0, 0),
(288, 6, 24, 0, 0, 0, 0),
(289, 6, 25, 0, 0, 0, 0),
(290, 6, 58, 0, 0, 0, 0),
(291, 7, 39, 0, 0, 0, 0),
(292, 7, 40, 0, 0, 0, 0),
(293, 7, 41, 0, 0, 0, 0),
(294, 7, 42, 0, 0, 0, 0),
(295, 7, 43, 0, 0, 0, 0),
(296, 7, 44, 0, 0, 1, 0),
(297, 7, 45, 0, 0, 1, 0),
(298, 7, 46, 0, 0, 0, 0),
(299, 7, 47, 0, 0, 0, 0),
(300, 7, 48, 0, 0, 0, 0),
(301, 7, 49, 0, 0, 0, 0),
(302, 7, 50, 0, 0, 0, 0),
(303, 7, 51, 0, 0, 0, 0),
(304, 7, 52, 0, 0, 0, 0),
(305, 7, 53, 0, 0, 0, 0),
(306, 7, 54, 0, 0, 0, 0),
(307, 7, 55, 0, 0, 0, 0),
(308, 7, 56, 0, 0, 0, 0),
(309, 7, 57, 0, 0, 0, 0),
(310, 7, 59, 0, 0, 0, 0),
(311, 7, 1, 0, 0, 0, 0),
(312, 7, 2, 0, 0, 0, 0),
(313, 7, 19, 0, 0, 0, 0),
(314, 7, 36, 0, 0, 1, 0),
(315, 7, 37, 0, 0, 0, 0),
(316, 7, 38, 0, 0, 0, 0),
(317, 7, 3, 0, 0, 0, 0),
(318, 7, 4, 0, 0, 0, 0),
(319, 7, 5, 0, 0, 0, 0),
(320, 7, 6, 0, 0, 0, 0),
(321, 7, 7, 0, 0, 0, 0),
(322, 7, 8, 0, 0, 0, 0),
(323, 7, 26, 0, 0, 0, 0),
(324, 7, 27, 0, 0, 0, 0),
(325, 7, 28, 0, 0, 0, 0),
(326, 7, 29, 0, 0, 0, 0),
(327, 7, 30, 0, 0, 0, 0),
(328, 7, 31, 0, 0, 0, 0),
(329, 7, 9, 0, 0, 1, 0),
(330, 7, 10, 0, 0, 0, 0),
(331, 7, 16, 0, 0, 0, 0),
(332, 7, 17, 0, 0, 0, 0),
(333, 7, 18, 0, 0, 0, 0),
(334, 7, 32, 0, 0, 0, 0),
(335, 7, 33, 0, 0, 0, 0),
(336, 7, 34, 0, 0, 0, 0),
(337, 7, 35, 0, 0, 0, 0),
(338, 7, 13, 0, 0, 1, 0),
(339, 7, 14, 0, 0, 0, 0),
(340, 7, 15, 0, 0, 0, 0),
(341, 7, 11, 0, 0, 1, 0),
(342, 7, 12, 0, 0, 0, 0),
(343, 7, 21, 0, 0, 0, 0),
(344, 7, 22, 0, 0, 0, 0),
(345, 7, 23, 0, 0, 0, 0),
(346, 7, 24, 0, 0, 0, 0),
(347, 7, 25, 0, 0, 0, 0),
(348, 7, 58, 0, 0, 0, 0),
(349, 2, 60, 0, 0, 1, 0),
(350, 7, 60, 0, 0, 0, 0),
(351, 3, 60, 0, 0, 0, 0),
(352, 3, 61, 0, 0, 1, 0);

-- --------------------------------------------------------

--
-- Table structure for table `supplier`
--

CREATE TABLE `supplier` (
  `id` int(11) NOT NULL,
  `name` varchar(200) NOT NULL,
  `address` text NOT NULL,
  `mobileno` varchar(30) NOT NULL,
  `email` varchar(100) NOT NULL,
  `company_name` varchar(200) NOT NULL,
  `product_list` mediumtext NOT NULL,
  `created_at` datetime NOT NULL DEFAULT current_timestamp(),
  `updated_at` datetime NOT NULL DEFAULT current_timestamp() ON UPDATE current_timestamp()
) ENGINE=InnoDB DEFAULT CHARSET=utf8;

--
-- Dumping data for table `supplier`
--

INSERT INTO `supplier` (`id`, `name`, `address`, `mobileno`, `email`, `company_name`, `product_list`, `created_at`, `updated_at`) VALUES
(1, 'First Supplier', 'test', '03052795157', 'syedaliraza10@gmail.com', 'Test Company', 'Test', '2022-12-30 10:10:30', '2022-12-30 10:10:30');

-- --------------------------------------------------------

--
-- Table structure for table `theme_settings`
--

CREATE TABLE `theme_settings` (
  `id` int(11) NOT NULL,
  `border_mode` varchar(20) NOT NULL,
  `dark_skin` varchar(20) NOT NULL,
  `created_at` datetime NOT NULL DEFAULT current_timestamp(),
  `updated_at` datetime NOT NULL DEFAULT current_timestamp() ON UPDATE current_timestamp()
) ENGINE=InnoDB DEFAULT CHARSET=utf8;

--
-- Dumping data for table `theme_settings`
--

INSERT INTO `theme_settings` (`id`, `border_mode`, `dark_skin`, `created_at`, `updated_at`) VALUES
(1, 'true', 'false', '2019-12-23 22:59:38', '2022-11-18 22:42:50');

-- --------------------------------------------------------

--
-- Table structure for table `transactions`
--

CREATE TABLE `transactions` (
  `id` int(11) NOT NULL,
  `account_id` varchar(20) NOT NULL,
  `voucher_head_id` varchar(200) NOT NULL,
  `type` varchar(100) NOT NULL,
  `category` varchar(20) NOT NULL,
  `ref` varchar(255) NOT NULL,
  `amount` decimal(18,2) NOT NULL DEFAULT 0.00,
  `dr` decimal(18,2) NOT NULL DEFAULT 0.00,
  `cr` decimal(18,2) NOT NULL DEFAULT 0.00,
  `bal` decimal(18,2) NOT NULL DEFAULT 0.00,
  `date` date NOT NULL,
  `pay_via` varchar(20) NOT NULL,
  `description` text NOT NULL,
  `attachments` varchar(255) NOT NULL,
  `is_refund` varchar(10) DEFAULT NULL,
  `created_at` datetime NOT NULL DEFAULT current_timestamp(),
  `updated_at` datetime NOT NULL DEFAULT current_timestamp() ON UPDATE current_timestamp()
) ENGINE=InnoDB DEFAULT CHARSET=utf8;

--
-- Dumping data for table `transactions`
--

INSERT INTO `transactions` (`id`, `account_id`, `voucher_head_id`, `type`, `category`, `ref`, `amount`, `dr`, `cr`, `bal`, `date`, `pay_via`, `description`, `attachments`, `is_refund`, `created_at`, `updated_at`) VALUES
(1, '1', '2', 'expense', '', 'asd', '1000.00', '1000.00', '0.00', '-1000.00', '2023-01-06', '4', 'asd', '', NULL, '2023-01-06 12:16:50', '2023-01-06 12:16:50'),
(2, '2', '2', 'expense', '', 'daf', '200.00', '200.00', '0.00', '-200.00', '2023-01-06', '4', 'as', '', NULL, '2023-01-06 12:25:49', '2023-01-06 12:25:49'),
(3, '1', '1', 'income', '', 'asd', '1.00', '0.00', '1.00', '-999.00', '2023-01-06', '2', 'sdd', '', '1', '2023-01-06 12:27:01', '2023-01-06 12:57:27'),
(4, '1', '1', 'expense', '', 'asd', '1.00', '1.00', '0.00', '-1000.00', '2023-01-06', '2', 'Refund Amount For Ref # asd', '', NULL, '2023-01-06 12:57:27', '2023-01-06 12:57:27'),
(5, '1', '1', 'income', '', '103', '12.00', '0.00', '12.00', '-988.00', '2023-01-06', '', 'ad', '', NULL, '2023-01-06 13:02:00', '2023-01-06 13:02:00');

-- --------------------------------------------------------

--
-- Table structure for table `voucher_head`
--

CREATE TABLE `voucher_head` (
  `id` int(11) NOT NULL,
  `name` varchar(255) NOT NULL,
  `type` varchar(20) NOT NULL
) ENGINE=InnoDB DEFAULT CHARSET=utf8;

--
-- Dumping data for table `voucher_head`
--

INSERT INTO `voucher_head` (`id`, `name`, `type`) VALUES
(1, 'Receipt Voucher', 'income'),
(2, 'Payment Voucher', 'expense');

--
-- Indexes for dumped tables
--

--
-- Indexes for table `accounts`
--
ALTER TABLE `accounts`
  ADD PRIMARY KEY (`id`);

--
-- Indexes for table `appointment`
--
ALTER TABLE `appointment`
  ADD PRIMARY KEY (`id`);

--
-- Indexes for table `chemical`
--
ALTER TABLE `chemical`
  ADD PRIMARY KEY (`id`);

--
-- Indexes for table `chemical_assigned`
--
ALTER TABLE `chemical_assigned`
  ADD PRIMARY KEY (`id`);

--
-- Indexes for table `chemical_category`
--
ALTER TABLE `chemical_category`
  ADD PRIMARY KEY (`id`);

--
-- Indexes for table `chemical_stock`
--
ALTER TABLE `chemical_stock`
  ADD PRIMARY KEY (`id`);

--
-- Indexes for table `chemical_unit`
--
ALTER TABLE `chemical_unit`
  ADD PRIMARY KEY (`id`);

--
-- Indexes for table `ci_sessions`
--
ALTER TABLE `ci_sessions`
  ADD PRIMARY KEY (`id`),
  ADD KEY `ci_sessions_timestamp` (`timestamp`);

--
-- Indexes for table `documents`
--
ALTER TABLE `documents`
  ADD PRIMARY KEY (`id`);

--
-- Indexes for table `email_config`
--
ALTER TABLE `email_config`
  ADD PRIMARY KEY (`id`);

--
-- Indexes for table `email_templates`
--
ALTER TABLE `email_templates`
  ADD PRIMARY KEY (`id`);

--
-- Indexes for table `front_cms_about`
--
ALTER TABLE `front_cms_about`
  ADD PRIMARY KEY (`id`);

--
-- Indexes for table `front_cms_appointment`
--
ALTER TABLE `front_cms_appointment`
  ADD PRIMARY KEY (`id`);

--
-- Indexes for table `front_cms_contact`
--
ALTER TABLE `front_cms_contact`
  ADD PRIMARY KEY (`id`);

--
-- Indexes for table `front_cms_doctors`
--
ALTER TABLE `front_cms_doctors`
  ADD PRIMARY KEY (`id`);

--
-- Indexes for table `front_cms_doctor_bio`
--
ALTER TABLE `front_cms_doctor_bio`
  ADD PRIMARY KEY (`id`);

--
-- Indexes for table `front_cms_faq`
--
ALTER TABLE `front_cms_faq`
  ADD PRIMARY KEY (`id`);

--
-- Indexes for table `front_cms_faq_list`
--
ALTER TABLE `front_cms_faq_list`
  ADD PRIMARY KEY (`id`);

--
-- Indexes for table `front_cms_home`
--
ALTER TABLE `front_cms_home`
  ADD PRIMARY KEY (`id`);

--
-- Indexes for table `front_cms_home_seo`
--
ALTER TABLE `front_cms_home_seo`
  ADD PRIMARY KEY (`id`);

--
-- Indexes for table `front_cms_menu`
--
ALTER TABLE `front_cms_menu`
  ADD PRIMARY KEY (`id`);

--
-- Indexes for table `front_cms_pages`
--
ALTER TABLE `front_cms_pages`
  ADD PRIMARY KEY (`id`);

--
-- Indexes for table `front_cms_services`
--
ALTER TABLE `front_cms_services`
  ADD PRIMARY KEY (`id`);

--
-- Indexes for table `front_cms_services_list`
--
ALTER TABLE `front_cms_services_list`
  ADD PRIMARY KEY (`id`);

--
-- Indexes for table `front_cms_setting`
--
ALTER TABLE `front_cms_setting`
  ADD PRIMARY KEY (`id`);

--
-- Indexes for table `front_cms_testimonial`
--
ALTER TABLE `front_cms_testimonial`
  ADD PRIMARY KEY (`id`);

--
-- Indexes for table `global_settings`
--
ALTER TABLE `global_settings`
  ADD PRIMARY KEY (`id`);

--
-- Indexes for table `labtest_bill`
--
ALTER TABLE `labtest_bill`
  ADD PRIMARY KEY (`id`);

--
-- Indexes for table `labtest_bill_details`
--
ALTER TABLE `labtest_bill_details`
  ADD PRIMARY KEY (`id`);

--
-- Indexes for table `labtest_payment_history`
--
ALTER TABLE `labtest_payment_history`
  ADD PRIMARY KEY (`id`);

--
-- Indexes for table `labtest_report`
--
ALTER TABLE `labtest_report`
  ADD PRIMARY KEY (`id`);

--
-- Indexes for table `lab_report_template`
--
ALTER TABLE `lab_report_template`
  ADD PRIMARY KEY (`id`);

--
-- Indexes for table `lab_test`
--
ALTER TABLE `lab_test`
  ADD PRIMARY KEY (`id`);

--
-- Indexes for table `lab_test_category`
--
ALTER TABLE `lab_test_category`
  ADD PRIMARY KEY (`id`);

--
-- Indexes for table `languages`
--
ALTER TABLE `languages`
  ADD PRIMARY KEY (`id`);

--
-- Indexes for table `language_list`
--
ALTER TABLE `language_list`
  ADD PRIMARY KEY (`id`);

--
-- Indexes for table `leave_application`
--
ALTER TABLE `leave_application`
  ADD PRIMARY KEY (`id`);

--
-- Indexes for table `leave_category`
--
ALTER TABLE `leave_category`
  ADD PRIMARY KEY (`id`);

--
-- Indexes for table `login_credential`
--
ALTER TABLE `login_credential`
  ADD PRIMARY KEY (`id`);

--
-- Indexes for table `patient`
--
ALTER TABLE `patient`
  ADD PRIMARY KEY (`id`);

--
-- Indexes for table `patient_category`
--
ALTER TABLE `patient_category`
  ADD PRIMARY KEY (`id`);

--
-- Indexes for table `patient_documents`
--
ALTER TABLE `patient_documents`
  ADD PRIMARY KEY (`id`);

--
-- Indexes for table `payment_type`
--
ALTER TABLE `payment_type`
  ADD PRIMARY KEY (`id`);

--
-- Indexes for table `payout_commission`
--
ALTER TABLE `payout_commission`
  ADD PRIMARY KEY (`id`);

--
-- Indexes for table `payslip`
--
ALTER TABLE `payslip`
  ADD PRIMARY KEY (`id`);

--
-- Indexes for table `payslip_details`
--
ALTER TABLE `payslip_details`
  ADD PRIMARY KEY (`id`);

--
-- Indexes for table `permission`
--
ALTER TABLE `permission`
  ADD PRIMARY KEY (`id`);

--
-- Indexes for table `permission_modules`
--
ALTER TABLE `permission_modules`
  ADD PRIMARY KEY (`id`),
  ADD KEY `id` (`id`);

--
-- Indexes for table `purchase_bill`
--
ALTER TABLE `purchase_bill`
  ADD PRIMARY KEY (`id`);

--
-- Indexes for table `purchase_bill_details`
--
ALTER TABLE `purchase_bill_details`
  ADD PRIMARY KEY (`id`);

--
-- Indexes for table `purchase_payment_history`
--
ALTER TABLE `purchase_payment_history`
  ADD PRIMARY KEY (`id`);

--
-- Indexes for table `referral_commission`
--
ALTER TABLE `referral_commission`
  ADD PRIMARY KEY (`id`);

--
-- Indexes for table `roles`
--
ALTER TABLE `roles`
  ADD PRIMARY KEY (`id`);

--
-- Indexes for table `salary_template`
--
ALTER TABLE `salary_template`
  ADD PRIMARY KEY (`id`);

--
-- Indexes for table `salary_template_details`
--
ALTER TABLE `salary_template_details`
  ADD PRIMARY KEY (`id`);

--
-- Indexes for table `schedule`
--
ALTER TABLE `schedule`
  ADD PRIMARY KEY (`id`);

--
-- Indexes for table `services`
--
ALTER TABLE `services`
  ADD PRIMARY KEY (`id`);

--
-- Indexes for table `sms_config`
--
ALTER TABLE `sms_config`
  ADD PRIMARY KEY (`id`);

--
-- Indexes for table `sms_templates`
--
ALTER TABLE `sms_templates`
  ADD PRIMARY KEY (`id`);

--
-- Indexes for table `staff`
--
ALTER TABLE `staff`
  ADD PRIMARY KEY (`id`);

--
-- Indexes for table `staff_attendance`
--
ALTER TABLE `staff_attendance`
  ADD PRIMARY KEY (`id`);

--
-- Indexes for table `staff_balance`
--
ALTER TABLE `staff_balance`
  ADD PRIMARY KEY (`id`);

--
-- Indexes for table `staff_bank_account`
--
ALTER TABLE `staff_bank_account`
  ADD PRIMARY KEY (`id`);

--
-- Indexes for table `staff_department`
--
ALTER TABLE `staff_department`
  ADD PRIMARY KEY (`id`);

--
-- Indexes for table `staff_designation`
--
ALTER TABLE `staff_designation`
  ADD PRIMARY KEY (`id`);

--
-- Indexes for table `staff_documents`
--
ALTER TABLE `staff_documents`
  ADD PRIMARY KEY (`id`);

--
-- Indexes for table `staff_privileges`
--
ALTER TABLE `staff_privileges`
  ADD PRIMARY KEY (`id`);

--
-- Indexes for table `supplier`
--
ALTER TABLE `supplier`
  ADD PRIMARY KEY (`id`);

--
-- Indexes for table `theme_settings`
--
ALTER TABLE `theme_settings`
  ADD PRIMARY KEY (`id`);

--
-- Indexes for table `transactions`
--
ALTER TABLE `transactions`
  ADD PRIMARY KEY (`id`);

--
-- Indexes for table `voucher_head`
--
ALTER TABLE `voucher_head`
  ADD PRIMARY KEY (`id`);

--
-- AUTO_INCREMENT for dumped tables
--

--
-- AUTO_INCREMENT for table `accounts`
--
ALTER TABLE `accounts`
  MODIFY `id` int(11) NOT NULL AUTO_INCREMENT, AUTO_INCREMENT=5;

--
-- AUTO_INCREMENT for table `appointment`
--
ALTER TABLE `appointment`
  MODIFY `id` int(11) NOT NULL AUTO_INCREMENT, AUTO_INCREMENT=7;

--
-- AUTO_INCREMENT for table `chemical`
--
ALTER TABLE `chemical`
  MODIFY `id` int(11) NOT NULL AUTO_INCREMENT, AUTO_INCREMENT=5;

--
-- AUTO_INCREMENT for table `chemical_assigned`
--
ALTER TABLE `chemical_assigned`
  MODIFY `id` int(11) NOT NULL AUTO_INCREMENT;

--
-- AUTO_INCREMENT for table `chemical_category`
--
ALTER TABLE `chemical_category`
  MODIFY `id` int(11) NOT NULL AUTO_INCREMENT, AUTO_INCREMENT=2;

--
-- AUTO_INCREMENT for table `chemical_stock`
--
ALTER TABLE `chemical_stock`
  MODIFY `id` int(11) NOT NULL AUTO_INCREMENT, AUTO_INCREMENT=5;

--
-- AUTO_INCREMENT for table `chemical_unit`
--
ALTER TABLE `chemical_unit`
  MODIFY `id` int(11) NOT NULL AUTO_INCREMENT, AUTO_INCREMENT=2;

--
-- AUTO_INCREMENT for table `documents`
--
ALTER TABLE `documents`
  MODIFY `id` int(11) NOT NULL AUTO_INCREMENT, AUTO_INCREMENT=5;

--
-- AUTO_INCREMENT for table `email_config`
--
ALTER TABLE `email_config`
  MODIFY `id` int(11) NOT NULL AUTO_INCREMENT, AUTO_INCREMENT=2;

--
-- AUTO_INCREMENT for table `email_templates`
--
ALTER TABLE `email_templates`
  MODIFY `id` int(11) NOT NULL AUTO_INCREMENT, AUTO_INCREMENT=11;

--
-- AUTO_INCREMENT for table `front_cms_about`
--
ALTER TABLE `front_cms_about`
  MODIFY `id` int(11) NOT NULL AUTO_INCREMENT, AUTO_INCREMENT=2;

--
-- AUTO_INCREMENT for table `front_cms_appointment`
--
ALTER TABLE `front_cms_appointment`
  MODIFY `id` int(11) NOT NULL AUTO_INCREMENT, AUTO_INCREMENT=2;

--
-- AUTO_INCREMENT for table `front_cms_contact`
--
ALTER TABLE `front_cms_contact`
  MODIFY `id` int(11) NOT NULL AUTO_INCREMENT, AUTO_INCREMENT=2;

--
-- AUTO_INCREMENT for table `front_cms_doctors`
--
ALTER TABLE `front_cms_doctors`
  MODIFY `id` int(11) NOT NULL AUTO_INCREMENT, AUTO_INCREMENT=3;

--
-- AUTO_INCREMENT for table `front_cms_doctor_bio`
--
ALTER TABLE `front_cms_doctor_bio`
  MODIFY `id` int(11) NOT NULL AUTO_INCREMENT;

--
-- AUTO_INCREMENT for table `front_cms_faq`
--
ALTER TABLE `front_cms_faq`
  MODIFY `id` int(11) NOT NULL AUTO_INCREMENT, AUTO_INCREMENT=2;

--
-- AUTO_INCREMENT for table `front_cms_faq_list`
--
ALTER TABLE `front_cms_faq_list`
  MODIFY `id` int(11) NOT NULL AUTO_INCREMENT, AUTO_INCREMENT=6;

--
-- AUTO_INCREMENT for table `front_cms_home`
--
ALTER TABLE `front_cms_home`
  MODIFY `id` int(11) NOT NULL AUTO_INCREMENT, AUTO_INCREMENT=13;

--
-- AUTO_INCREMENT for table `front_cms_home_seo`
--
ALTER TABLE `front_cms_home_seo`
  MODIFY `id` int(11) NOT NULL AUTO_INCREMENT, AUTO_INCREMENT=2;

--
-- AUTO_INCREMENT for table `front_cms_menu`
--
ALTER TABLE `front_cms_menu`
  MODIFY `id` int(11) NOT NULL AUTO_INCREMENT, AUTO_INCREMENT=7;

--
-- AUTO_INCREMENT for table `front_cms_pages`
--
ALTER TABLE `front_cms_pages`
  MODIFY `id` int(11) NOT NULL AUTO_INCREMENT;

--
-- AUTO_INCREMENT for table `front_cms_services`
--
ALTER TABLE `front_cms_services`
  MODIFY `id` int(11) NOT NULL AUTO_INCREMENT, AUTO_INCREMENT=2;

--
-- AUTO_INCREMENT for table `front_cms_services_list`
--
ALTER TABLE `front_cms_services_list`
  MODIFY `id` int(11) NOT NULL AUTO_INCREMENT, AUTO_INCREMENT=7;

--
-- AUTO_INCREMENT for table `front_cms_setting`
--
ALTER TABLE `front_cms_setting`
  MODIFY `id` int(11) NOT NULL AUTO_INCREMENT, AUTO_INCREMENT=2;

--
-- AUTO_INCREMENT for table `front_cms_testimonial`
--
ALTER TABLE `front_cms_testimonial`
  MODIFY `id` int(11) NOT NULL AUTO_INCREMENT, AUTO_INCREMENT=6;

--
-- AUTO_INCREMENT for table `global_settings`
--
ALTER TABLE `global_settings`
  MODIFY `id` int(11) NOT NULL AUTO_INCREMENT, AUTO_INCREMENT=2;

--
-- AUTO_INCREMENT for table `labtest_bill`
--
ALTER TABLE `labtest_bill`
  MODIFY `id` int(11) NOT NULL AUTO_INCREMENT, AUTO_INCREMENT=22;

--
-- AUTO_INCREMENT for table `labtest_bill_details`
--
ALTER TABLE `labtest_bill_details`
  MODIFY `id` int(11) NOT NULL AUTO_INCREMENT, AUTO_INCREMENT=13;

--
-- AUTO_INCREMENT for table `labtest_payment_history`
--
ALTER TABLE `labtest_payment_history`
  MODIFY `id` int(11) NOT NULL AUTO_INCREMENT, AUTO_INCREMENT=22;

--
-- AUTO_INCREMENT for table `labtest_report`
--
ALTER TABLE `labtest_report`
  MODIFY `id` int(11) NOT NULL AUTO_INCREMENT, AUTO_INCREMENT=13;

--
-- AUTO_INCREMENT for table `lab_report_template`
--
ALTER TABLE `lab_report_template`
  MODIFY `id` int(11) NOT NULL AUTO_INCREMENT;

--
-- AUTO_INCREMENT for table `lab_test`
--
ALTER TABLE `lab_test`
  MODIFY `id` int(11) NOT NULL AUTO_INCREMENT, AUTO_INCREMENT=3;

--
-- AUTO_INCREMENT for table `lab_test_category`
--
ALTER TABLE `lab_test_category`
  MODIFY `id` int(11) NOT NULL AUTO_INCREMENT, AUTO_INCREMENT=2;

--
-- AUTO_INCREMENT for table `languages`
--
ALTER TABLE `languages`
  MODIFY `id` int(11) NOT NULL AUTO_INCREMENT, AUTO_INCREMENT=492;

--
-- AUTO_INCREMENT for table `language_list`
--
ALTER TABLE `language_list`
  MODIFY `id` int(11) NOT NULL AUTO_INCREMENT, AUTO_INCREMENT=22;

--
-- AUTO_INCREMENT for table `leave_application`
--
ALTER TABLE `leave_application`
  MODIFY `id` int(11) NOT NULL AUTO_INCREMENT;

--
-- AUTO_INCREMENT for table `leave_category`
--
ALTER TABLE `leave_category`
  MODIFY `id` int(2) NOT NULL AUTO_INCREMENT;

--
-- AUTO_INCREMENT for table `login_credential`
--
ALTER TABLE `login_credential`
  MODIFY `id` int(11) NOT NULL AUTO_INCREMENT, AUTO_INCREMENT=13;

--
-- AUTO_INCREMENT for table `patient`
--
ALTER TABLE `patient`
  MODIFY `id` int(11) NOT NULL AUTO_INCREMENT, AUTO_INCREMENT=4;

--
-- AUTO_INCREMENT for table `patient_category`
--
ALTER TABLE `patient_category`
  MODIFY `id` int(11) NOT NULL AUTO_INCREMENT, AUTO_INCREMENT=2;

--
-- AUTO_INCREMENT for table `patient_documents`
--
ALTER TABLE `patient_documents`
  MODIFY `id` int(11) NOT NULL AUTO_INCREMENT;

--
-- AUTO_INCREMENT for table `payment_type`
--
ALTER TABLE `payment_type`
  MODIFY `id` int(11) NOT NULL AUTO_INCREMENT, AUTO_INCREMENT=8;

--
-- AUTO_INCREMENT for table `payout_commission`
--
ALTER TABLE `payout_commission`
  MODIFY `id` int(11) NOT NULL AUTO_INCREMENT;

--
-- AUTO_INCREMENT for table `payslip`
--
ALTER TABLE `payslip`
  MODIFY `id` int(11) NOT NULL AUTO_INCREMENT;

--
-- AUTO_INCREMENT for table `payslip_details`
--
ALTER TABLE `payslip_details`
  MODIFY `id` int(11) NOT NULL AUTO_INCREMENT;

--
-- AUTO_INCREMENT for table `permission`
--
ALTER TABLE `permission`
  MODIFY `id` int(11) NOT NULL AUTO_INCREMENT, AUTO_INCREMENT=62;

--
-- AUTO_INCREMENT for table `permission_modules`
--
ALTER TABLE `permission_modules`
  MODIFY `id` int(11) NOT NULL AUTO_INCREMENT, AUTO_INCREMENT=15;

--
-- AUTO_INCREMENT for table `purchase_bill`
--
ALTER TABLE `purchase_bill`
  MODIFY `id` int(11) NOT NULL AUTO_INCREMENT, AUTO_INCREMENT=3;

--
-- AUTO_INCREMENT for table `purchase_bill_details`
--
ALTER TABLE `purchase_bill_details`
  MODIFY `id` int(11) NOT NULL AUTO_INCREMENT, AUTO_INCREMENT=3;

--
-- AUTO_INCREMENT for table `purchase_payment_history`
--
ALTER TABLE `purchase_payment_history`
  MODIFY `id` int(11) NOT NULL AUTO_INCREMENT, AUTO_INCREMENT=2;

--
-- AUTO_INCREMENT for table `referral_commission`
--
ALTER TABLE `referral_commission`
  MODIFY `id` int(11) NOT NULL AUTO_INCREMENT;

--
-- AUTO_INCREMENT for table `roles`
--
ALTER TABLE `roles`
  MODIFY `id` int(11) NOT NULL AUTO_INCREMENT, AUTO_INCREMENT=10;

--
-- AUTO_INCREMENT for table `salary_template`
--
ALTER TABLE `salary_template`
  MODIFY `id` int(11) NOT NULL AUTO_INCREMENT, AUTO_INCREMENT=2;

--
-- AUTO_INCREMENT for table `salary_template_details`
--
ALTER TABLE `salary_template_details`
  MODIFY `id` int(11) NOT NULL AUTO_INCREMENT;

--
-- AUTO_INCREMENT for table `schedule`
--
ALTER TABLE `schedule`
  MODIFY `id` int(11) NOT NULL AUTO_INCREMENT, AUTO_INCREMENT=7;

--
-- AUTO_INCREMENT for table `services`
--
ALTER TABLE `services`
  MODIFY `id` int(11) NOT NULL AUTO_INCREMENT, AUTO_INCREMENT=3;

--
-- AUTO_INCREMENT for table `sms_config`
--
ALTER TABLE `sms_config`
  MODIFY `id` int(11) NOT NULL AUTO_INCREMENT, AUTO_INCREMENT=2;

--
-- AUTO_INCREMENT for table `sms_templates`
--
ALTER TABLE `sms_templates`
  MODIFY `id` int(11) NOT NULL AUTO_INCREMENT, AUTO_INCREMENT=5;

--
-- AUTO_INCREMENT for table `staff`
--
ALTER TABLE `staff`
  MODIFY `id` int(11) NOT NULL AUTO_INCREMENT, AUTO_INCREMENT=6;

--
-- AUTO_INCREMENT for table `staff_attendance`
--
ALTER TABLE `staff_attendance`
  MODIFY `id` int(11) NOT NULL AUTO_INCREMENT, AUTO_INCREMENT=2;

--
-- AUTO_INCREMENT for table `staff_balance`
--
ALTER TABLE `staff_balance`
  MODIFY `id` int(11) NOT NULL AUTO_INCREMENT, AUTO_INCREMENT=5;

--
-- AUTO_INCREMENT for table `staff_bank_account`
--
ALTER TABLE `staff_bank_account`
  MODIFY `id` int(11) NOT NULL AUTO_INCREMENT, AUTO_INCREMENT=5;

--
-- AUTO_INCREMENT for table `staff_department`
--
ALTER TABLE `staff_department`
  MODIFY `id` int(11) NOT NULL AUTO_INCREMENT, AUTO_INCREMENT=2;

--
-- AUTO_INCREMENT for table `staff_designation`
--
ALTER TABLE `staff_designation`
  MODIFY `id` int(11) NOT NULL AUTO_INCREMENT, AUTO_INCREMENT=2;

--
-- AUTO_INCREMENT for table `staff_documents`
--
ALTER TABLE `staff_documents`
  MODIFY `id` int(11) NOT NULL AUTO_INCREMENT;

--
-- AUTO_INCREMENT for table `staff_privileges`
--
ALTER TABLE `staff_privileges`
  MODIFY `id` int(11) NOT NULL AUTO_INCREMENT, AUTO_INCREMENT=353;

--
-- AUTO_INCREMENT for table `supplier`
--
ALTER TABLE `supplier`
  MODIFY `id` int(11) NOT NULL AUTO_INCREMENT, AUTO_INCREMENT=2;

--
-- AUTO_INCREMENT for table `theme_settings`
--
ALTER TABLE `theme_settings`
  MODIFY `id` int(11) NOT NULL AUTO_INCREMENT, AUTO_INCREMENT=2;

--
-- AUTO_INCREMENT for table `transactions`
--
ALTER TABLE `transactions`
  MODIFY `id` int(11) NOT NULL AUTO_INCREMENT, AUTO_INCREMENT=6;

--
-- AUTO_INCREMENT for table `voucher_head`
--
ALTER TABLE `voucher_head`
  MODIFY `id` int(11) NOT NULL AUTO_INCREMENT, AUTO_INCREMENT=3;
COMMIT;

/*!40101 SET CHARACTER_SET_CLIENT=@OLD_CHARACTER_SET_CLIENT */;
/*!40101 SET CHARACTER_SET_RESULTS=@OLD_CHARACTER_SET_RESULTS */;
/*!40101 SET COLLATION_CONNECTION=@OLD_COLLATION_CONNECTION */;
